model,fold,row_index,match_id,date,actual,prediction,residual
elastic_net,fold_1,3,H0004,2021-07-25,183.694985,170.79956280223712,-12.895422197762883
elastic_net,fold_2,6,H0007,2022-09-24,129.480289,147.89082600560508,18.41053700560508
elastic_net,fold_2,7,H0008,2023-01-11,121.154322,130.5991270924337,9.444805092433697
elastic_net,fold_2,8,H0009,2022-06-06,139.293116,136.44603151646612,-2.8470844835338767
elastic_net,fold_1,11,H0012,2020-06-30,183.243903,162.47058758686114,-20.773315413138846
elastic_net,fold_1,13,H0014,2020-09-07,170.796794,145.891494308677,-24.905299691322995
elastic_net,fold_3,15,H0016,2023-04-08,149.953225,163.4267822416407,13.473557241640691
elastic_net,fold_3,17,H0018,2024-04-30,119.620279,144.00012901670638,24.379850016706385
elastic_net,fold_1,18,H0019,2021-02-04,143.476193,158.29330192292838,14.817108922928384
elastic_net,fold_1,19,H0020,2020-11-15,189.77568,169.53174979445765,-20.24393020554234
elastic_net,fold_3,21,H0022,2023-04-29,160.716911,136.0002548694522,-24.71665613054782
elastic_net,fold_1,23,H0024,2021-09-16,135.598247,141.63273319356804,6.034486193568057
elastic_net,fold_3,25,H0026,2023-12-05,139.17006,149.40812972511884,10.238069725118834
elastic_net,fold_2,27,H0028,2022-04-26,149.924119,123.73981668074947,-26.18430231925052
elastic_net,fold_1,28,H0029,2020-07-10,162.864843,144.28771162494394,-18.57713137505607
elastic_net,fold_1,29,H0030,2021-08-16,165.512334,171.2288396985203,5.71650569852028
elastic_net,fold_2,30,H0031,2022-08-31,141.977017,132.38029988881448,-9.596717111185512
elastic_net,fold_2,32,H0033,2022-07-28,147.233426,140.37123576432833,-6.862190235671676
elastic_net,fold_2,34,H0035,2022-02-06,149.268617,128.11722663571805,-21.15139036428195
elastic_net,fold_3,37,H0038,2024-07-13,141.669636,150.20807419372642,8.53843819372642
elastic_net,fold_1,38,H0039,2020-09-30,119.664683,128.1786339142163,8.51395091421631
elastic_net,fold_2,39,H0040,2022-02-22,159.589876,151.77574020024906,-7.814135799750943
elastic_net,fold_2,40,H0041,2022-03-17,131.270653,122.53167903808318,-8.738973961916827
elastic_net,fold_3,42,H0043,2023-03-17,153.628101,175.46278997309727,21.834688973097286
elastic_net,fold_1,44,H0045,2021-05-15,131.832096,125.90574610098386,-5.926349899016145
elastic_net,fold_1,45,H0046,2020-11-15,127.350213,128.01604548659094,0.6658324865909435
elastic_net,fold_3,47,H0048,2024-06-13,208.649234,181.96674932104133,-26.682484678958673
elastic_net,fold_1,48,H0049,2020-06-04,130.962653,165.973357031102,35.01070403110202
elastic_net,fold_2,49,H0050,2022-07-24,161.638,150.3588434394224,-11.279156560577604
elastic_net,fold_1,50,H0051,2020-09-11,133.415175,149.24815901800545,15.832984018005448
elastic_net,fold_3,51,H0052,2024-07-09,157.866639,141.57668396664405,-16.289955033355938
elastic_net,fold_2,54,H0055,2023-01-22,119.47747,126.4116008115369,6.934130811536903
elastic_net,fold_1,55,H0056,2021-03-17,148.335177,137.20142045051517,-11.133756549484815
elastic_net,fold_2,56,H0057,2022-09-22,126.902781,129.6975368137813,2.7947558137813076
elastic_net,fold_2,58,H0059,2022-04-15,136.78526,132.63944318794796,-4.145816812052033
elastic_net,fold_1,60,H0061,2020-12-06,155.407423,151.3046064948231,-4.1028165051768895
elastic_net,fold_2,61,H0062,2023-02-23,156.473576,169.866481180655,13.392905180654992
elastic_net,fold_3,62,H0063,2024-07-15,123.259631,124.28357218606507,1.0239411860650733
elastic_net,fold_2,63,H0064,2022-05-11,134.103334,131.90497996608138,-2.198354033918605
elastic_net,fold_1,65,H0066,2020-08-29,200.898625,164.9897656443092,-35.90885935569082
elastic_net,fold_2,67,H0068,2022-09-19,118.917863,123.59282372614014,4.674960726140142
elastic_net,fold_2,71,H0072,2022-08-09,139.641015,159.921748401677,20.280733401676997
elastic_net,fold_1,75,H0076,2021-05-26,141.137948,137.62326058661523,-3.514687413384763
elastic_net,fold_3,78,H0079,2023-12-12,118.615149,134.03361656363674,15.418467563636739
elastic_net,fold_2,79,H0080,2023-01-02,194.38275,190.39699654839262,-3.9857534516073656
elastic_net,fold_1,80,H0081,2021-07-01,126.998558,143.28307451970392,16.284516519703914
elastic_net,fold_3,81,H0082,2023-03-27,143.154096,143.99805307647844,0.8439570764784321
elastic_net,fold_2,84,H0085,2023-01-12,143.052677,142.68399120097484,-0.368685799025144
elastic_net,fold_3,87,H0088,2023-11-15,176.139532,174.01117161155747,-2.1283603884425304
elastic_net,fold_3,88,H0089,2023-04-30,146.723595,134.81536636335636,-11.908228636643628
elastic_net,fold_1,89,H0090,2021-08-13,144.581428,168.31346284015547,23.732034840155478
elastic_net,fold_2,90,H0091,2021-10-20,142.905141,168.0052497280081,25.10010872800811
elastic_net,fold_2,91,H0092,2023-01-13,149.994928,156.88628262992833,6.891354629928344
elastic_net,fold_3,92,H0093,2024-02-08,165.295584,161.7032608296905,-3.5923231703094984
elastic_net,fold_1,93,H0094,2021-04-23,156.65485,135.0850777029023,-21.5697722970977
elastic_net,fold_3,96,H0097,2024-01-11,126.645387,132.16385767905732,5.518470679057316
elastic_net,fold_1,98,H0099,2021-07-14,130.193525,122.75255717917385,-7.440967820826145
elastic_net,fold_2,100,H0101,2022-01-18,172.812894,147.63485345918002,-25.17804054081998
elastic_net,fold_1,101,H0102,2020-05-24,121.660846,134.57762220671987,12.91677620671986
elastic_net,fold_3,103,H0104,2024-06-03,140.94746,145.50041531356584,4.552955313565832
elastic_net,fold_3,104,H0105,2023-09-25,137.547889,127.43372870587154,-10.114160294128453
elastic_net,fold_3,105,H0106,2023-04-01,149.56439,139.69312632755765,-9.871263672442353
elastic_net,fold_3,106,H0107,2024-01-09,141.316391,163.65748527617438,22.341094276174374
elastic_net,fold_2,107,H0108,2022-04-06,118.277004,131.58844902451582,13.31144502451582
elastic_net,fold_3,111,H0112,2023-03-06,172.74858,164.4341640226581,-8.314415977341895
elastic_net,fold_3,113,H0114,2024-01-24,124.20688,134.777500212299,10.570620212299005
elastic_net,fold_3,114,H0115,2023-12-04,168.008939,165.14542057337854,-2.8635184266214537
elastic_net,fold_1,118,H0119,2020-09-24,179.01803,160.15179837983828,-18.866231620161727
elastic_net,fold_3,124,H0125,2024-05-02,160.430043,148.96694996701552,-11.463093032984489
elastic_net,fold_3,127,H0128,2023-05-28,129.687754,126.2095377462205,-3.4782162537795074
elastic_net,fold_3,128,H0129,2023-07-03,197.070001,174.67096215833845,-22.399038841661536
elastic_net,fold_3,130,H0131,2023-03-30,167.00117,148.03205305043085,-18.969116949569155
elastic_net,fold_3,131,H0132,2023-04-26,141.788244,131.6280227708696,-10.1602212291304
elastic_net,fold_3,132,H0133,2024-03-03,169.085419,164.81004869639574,-4.275370303604262
elastic_net,fold_1,133,H0134,2021-05-09,110.674359,133.28630571420027,22.611946714200272
elastic_net,fold_2,135,H0136,2022-12-31,154.011252,139.7847531524505,-14.226498847549522
elastic_net,fold_1,140,H0141,2020-06-11,173.632595,167.71374637759988,-5.918848622400134
elastic_net,fold_1,141,H0142,2021-03-05,132.750505,127.64817386983475,-5.102331130165254
elastic_net,fold_3,144,H0145,2023-04-16,167.175082,159.2960367224813,-7.879045277518713
elastic_net,fold_1,145,H0146,2020-10-20,111.858898,134.91938046726878,23.060482467268784
elastic_net,fold_1,147,H0148,2020-12-13,140.570607,137.1796717729784,-3.3909352270216004
elastic_net,fold_3,148,H0149,2023-04-19,162.084136,153.92680408064652,-8.157331919353481
elastic_net,fold_3,149,H0150,2023-05-19,125.460151,123.87759046927313,-1.582560530726866
elastic_net,fold_1,152,H0153,2021-06-07,183.667784,176.12129618853965,-7.546487811460366
elastic_net,fold_1,154,H0155,2020-09-23,122.203993,135.95114772892623,13.747154728926233
elastic_net,fold_1,156,H0157,2020-11-27,143.670765,137.14026986187056,-6.5304951381294245
elastic_net,fold_1,157,H0158,2021-05-06,186.291265,157.81839851039018,-28.472866489609828
elastic_net,fold_3,158,H0159,2024-05-09,173.98285,149.27620230921545,-24.706647690784564
elastic_net,fold_2,159,H0160,2022-12-23,147.096345,137.04166189748392,-10.054683102516094
elastic_net,fold_3,162,H0163,2024-07-10,153.805134,155.87694161985243,2.0718076198524216
elastic_net,fold_1,165,H0166,2020-11-10,140.48468,157.08430061334982,16.599620613349828
elastic_net,fold_3,167,H0168,2023-10-16,107.402665,125.1351515547995,17.732486554799507
elastic_net,fold_3,172,H0173,2023-04-20,151.026066,173.96739041557734,22.941324415577355
elastic_net,fold_2,176,H0177,2023-02-22,133.161928,132.861340567315,-0.3005874326849778
elastic_net,fold_3,177,H0178,2024-01-30,144.932831,160.17274949147122,15.23991849147123
elastic_net,fold_2,178,H0179,2022-10-29,114.748879,123.36612769600552,8.617248696005518
elastic_net,fold_3,179,H0180,2024-01-18,101.212102,124.83213732786199,23.620035327861984
elastic_net,fold_3,180,H0181,2024-05-24,201.412845,163.19451377220273,-38.21833122779728
elastic_net,fold_3,181,H0182,2023-08-16,139.8981,149.94158171175545,10.043481711755447
elastic_net,fold_1,182,H0183,2021-03-14,145.242497,141.40103192397564,-3.841465076024349
elastic_net,fold_3,183,H0184,2023-06-07,134.304233,142.78589261720398,8.481659617203974
elastic_net,fold_3,184,H0185,2024-06-18,97.696023,125.33073864548268,27.634715645482686
elastic_net,fold_1,185,H0186,2020-08-24,145.542835,154.88933561712685,9.34650061712685
elastic_net,fold_2,186,H0187,2021-12-19,139.479896,138.98363803113983,-0.4962579688601636
elastic_net,fold_1,191,H0192,2020-05-31,160.005412,136.7028560432907,-23.302555956709313
elastic_net,fold_2,193,H0194,2022-02-24,119.995948,130.33105780352622,10.335109803526223
elastic_net,fold_1,195,H0196,2021-05-10,150.308825,164.24816898179756,13.939343981797549
elastic_net,fold_1,200,H0201,2020-10-06,133.889569,149.30184197792104,15.412272977921049
elastic_net,fold_2,201,H0202,2021-10-28,136.016116,146.9432992361619,10.92718323616188
elastic_net,fold_3,203,H0204,2023-03-21,117.706484,120.09194978096563,2.3854657809656317
elastic_net,fold_1,204,H0205,2021-06-10,154.76783,127.89662626252758,-26.871203737472428
elastic_net,fold_2,205,H0206,2022-07-05,126.325033,143.18761213274985,16.862579132749843
elastic_net,fold_3,212,H0213,2024-06-29,156.576933,140.36357453812013,-16.213358461879864
elastic_net,fold_2,213,H0214,2022-02-26,114.53955,132.3606776988534,17.821127698853402
elastic_net,fold_3,223,H0224,2023-11-19,135.693147,133.24882433789747,-2.444322662102536
elastic_net,fold_2,224,H0225,2022-02-18,174.549441,159.66660566943864,-14.882835330561363
elastic_net,fold_1,225,H0226,2021-07-04,112.989085,120.62655667582993,7.637471675829929
elastic_net,fold_2,226,H0227,2022-05-11,193.324715,182.30247259193453,-11.022242408065466
elastic_net,fold_3,227,H0228,2024-04-30,183.682726,168.6469729708719,-15.035753029128102
elastic_net,fold_2,231,H0232,2022-12-15,167.916254,170.92247068658816,3.0062166865881466
elastic_net,fold_2,233,H0234,2021-12-20,139.267142,144.4492914621805,5.18214946218049
elastic_net,fold_3,234,H0235,2023-06-09,152.7288,147.4162867177104,-5.312513282289615
elastic_net,fold_1,241,H0242,2021-06-21,185.812781,171.4107769375464,-14.402004062453614
elastic_net,fold_1,245,H0246,2021-04-19,174.226941,171.540687515579,-2.6862534844210018
elastic_net,fold_2,247,H0248,2023-02-04,164.707407,178.32966599383107,13.622258993831082
elastic_net,fold_2,248,H0249,2022-08-29,150.087325,165.57187367849218,15.484548678492189
elastic_net,fold_2,250,H0251,2022-06-03,143.091883,142.11184925396097,-0.9800337460390267
elastic_net,fold_1,251,H0252,2021-03-30,129.746433,126.70707676590894,-3.039356234091059
elastic_net,fold_3,252,H0253,2023-06-25,151.688584,163.26387632325068,11.575292323250693
elastic_net,fold_2,253,H0254,2022-02-23,114.302566,144.28427709329387,29.981711093293868
elastic_net,fold_3,254,H0255,2023-04-13,139.410331,129.9061072424491,-9.504223757550903
elastic_net,fold_3,256,H0257,2023-06-11,139.839053,139.05908529893162,-0.7799677010683865
elastic_net,fold_3,257,H0258,2024-02-21,147.756514,171.3566429656682,23.600128965668176
elastic_net,fold_1,258,H0259,2020-11-30,156.933124,146.1517005259459,-10.781423474054094
elastic_net,fold_3,259,H0260,2023-12-23,155.260785,155.72183907445395,0.46105407445395485
elastic_net,fold_3,263,H0264,2024-03-27,145.983842,128.6126035765459,-17.371238423454116
elastic_net,fold_3,264,H0265,2024-04-18,127.011051,133.75182228347055,6.740771283470551
elastic_net,fold_1,265,H0266,2021-09-05,122.86288,129.7586426570291,6.8957626570290955
elastic_net,fold_3,267,H0268,2024-01-27,171.422696,164.03385019941447,-7.388845800585528
elastic_net,fold_1,268,H0269,2021-09-22,170.583356,164.18536575813988,-6.397990241860128
elastic_net,fold_1,269,H0270,2020-07-23,186.790711,158.79539268883116,-27.99531831116883
elastic_net,fold_3,271,H0272,2023-12-15,157.465107,160.93636099060294,3.4712539906029463
elastic_net,fold_2,272,H0273,2022-05-26,135.355501,128.1289720340082,-7.226528965991804
elastic_net,fold_3,280,H0281,2024-01-23,142.301879,153.62727352312348,11.325394523123464
elastic_net,fold_2,283,H0284,2022-03-06,125.253119,134.0204911977313,8.767372197731305
elastic_net,fold_3,284,H0285,2023-07-14,223.773217,174.81338954168552,-48.959827458314464
elastic_net,fold_1,285,H0286,2020-10-01,160.71384,143.95417535119648,-16.759664648803522
elastic_net,fold_1,292,H0293,2020-08-04,106.954368,126.87172039221518,19.91735239221518
elastic_net,fold_2,294,H0295,2023-02-23,121.350452,129.32463380529225,7.974181805292247
elastic_net,fold_1,296,H0297,2021-04-29,166.830316,167.2339443807866,0.4036283807865857
elastic_net,fold_1,297,H0298,2021-09-04,137.631178,144.7378717589807,7.106693758980697
elastic_net,fold_3,301,H0302,2023-12-27,166.479026,152.8206488246221,-13.658377175377893
elastic_net,fold_3,304,H0305,2023-05-13,124.29625,128.5097403262447,4.213490326244695
elastic_net,fold_2,308,H0309,2022-08-16,123.531393,140.49329878877947,16.961905788779475
elastic_net,fold_3,311,H0312,2023-11-23,151.041177,151.73444727845649,0.693270278456481
elastic_net,fold_3,315,H0316,2024-07-27,160.585395,160.29875575824815,-0.28663924175185684
elastic_net,fold_3,316,H0317,2023-10-04,134.198625,136.5229549758871,2.3243299758871103
elastic_net,fold_3,317,H0318,2024-06-22,110.68118,128.94733039974648,18.26615039974648
elastic_net,fold_1,320,H0321,2021-03-09,139.845247,131.52290284213723,-8.322344157862773
elastic_net,fold_1,321,H0322,2020-05-26,123.318123,140.93877228196905,17.62064928196905
elastic_net,fold_1,324,H0325,2021-01-12,137.021914,137.0723003650318,0.05038636503178395
elastic_net,fold_1,325,H0326,2021-09-17,142.364009,147.7438792300333,5.379870230033276
elastic_net,fold_3,329,H0330,2024-06-29,166.197665,173.77610994001085,7.578444940010854
elastic_net,fold_3,330,H0331,2023-05-06,139.111444,130.7597880569045,-8.351655943095494
elastic_net,fold_2,331,H0332,2022-03-23,125.943393,125.63629773662639,-0.30709526337361126
elastic_net,fold_2,332,H0333,2023-01-04,134.615772,144.91396690933746,10.298194909337468
elastic_net,fold_3,333,H0334,2023-10-13,164.715736,133.05887629019557,-31.656859709804422
elastic_net,fold_1,335,H0336,2021-09-21,145.075279,166.7533897077642,21.678110707764205
elastic_net,fold_2,336,H0337,2021-10-17,151.798498,171.2342929937534,19.435794993753404
elastic_net,fold_1,339,H0340,2021-09-03,164.852885,140.74967940664217,-24.103205593357814
elastic_net,fold_1,340,H0341,2020-09-06,150.579586,143.77177110222692,-6.807814897773085
elastic_net,fold_1,342,H0343,2020-07-31,107.806693,148.12795139437267,40.32125839437268
elastic_net,fold_3,343,H0344,2023-09-10,132.123547,132.70580646860432,0.5822594686043203
elastic_net,fold_2,344,H0345,2022-10-07,93.963404,136.5924001023389,42.6289961023389
elastic_net,fold_1,347,H0348,2020-09-25,170.113589,165.9906659310363,-4.122923068963701
elastic_net,fold_2,348,H0349,2022-06-09,158.525099,178.31782739737378,19.792728397373764
elastic_net,fold_2,350,H0351,2023-02-12,129.68708,127.8090337715356,-1.878046228464413
elastic_net,fold_3,351,H0352,2024-01-04,134.163869,129.09184596546294,-5.072023034537068
elastic_net,fold_3,353,H0354,2023-09-30,160.106154,155.51102930506457,-4.595124694935436
elastic_net,fold_1,355,H0356,2020-05-07,170.691275,164.6736609053931,-6.017614094606898
elastic_net,fold_3,356,H0357,2023-07-29,113.792679,132.85815794301703,19.065478943017027
elastic_net,fold_3,360,H0361,2023-04-15,196.456808,172.7391893151924,-23.717618684807604
elastic_net,fold_2,361,H0362,2022-03-07,134.690669,172.6795163136721,37.988847313672096
elastic_net,fold_1,363,H0364,2021-09-15,124.763049,124.40563794377972,-0.3574110562202719
elastic_net,fold_3,365,H0366,2024-07-14,162.447747,159.68649209012517,-2.761254909874822
elastic_net,fold_1,367,H0368,2021-07-22,108.146926,139.52434456130268,31.37741856130269
elastic_net,fold_3,368,H0369,2023-08-26,155.222482,161.8258510863218,6.603369086321777
elastic_net,fold_2,371,H0372,2022-05-19,145.14254,138.78845809703222,-6.354081902967778
elastic_net,fold_2,372,H0373,2022-01-27,176.808131,175.56444101193904,-1.2436899880609644
elastic_net,fold_1,373,H0374,2020-06-06,127.389307,138.8515454615295,11.462238461529495
elastic_net,fold_1,374,H0375,2021-06-29,139.362192,142.31660696039754,2.9544149603975427
elastic_net,fold_3,377,H0378,2024-05-09,205.849381,169.81457977212392,-36.03480122787607
elastic_net,fold_1,379,H0380,2020-05-16,172.945798,171.80439305969435,-1.141404940305648
elastic_net,fold_3,383,H0384,2023-12-16,138.844458,135.96696776511376,-2.8774902348862383
elastic_net,fold_2,386,H0387,2022-08-18,170.651731,177.79512664077592,7.143395640775907
elastic_net,fold_3,389,H0390,2023-04-17,154.021642,155.5748574777535,1.553215477753497
elastic_net,fold_1,393,H0394,2021-08-15,111.578597,126.20592517670107,14.62732817670107
elastic_net,fold_1,395,H0396,2020-05-16,178.725791,161.2641398068438,-17.4616511931562
elastic_net,fold_1,396,H0397,2020-07-02,144.371266,142.16816046159667,-2.203105538403321
elastic_net,fold_3,397,H0398,2023-11-09,114.609569,129.42337830995572,14.81380930995573
elastic_net,fold_1,398,H0399,2021-01-03,171.095287,175.02764745650816,3.9323604565081496
elastic_net,fold_2,399,H0400,2021-11-05,153.707065,139.09006928578023,-14.616995714219769
elastic_net,fold_2,400,H0401,2023-02-10,142.038459,133.93586266336342,-8.102596336636566
elastic_net,fold_3,401,H0402,2023-06-16,159.729596,167.28688099024976,7.557284990249769
elastic_net,fold_3,403,H0404,2023-08-07,187.859592,167.00563418087825,-20.853957819121746
elastic_net,fold_3,404,H0405,2023-07-09,118.540631,130.3263837368848,11.785752736884788
elastic_net,fold_3,405,H0406,2024-06-12,125.974779,148.71346674926104,22.738687749261047
elastic_net,fold_1,409,H0410,2021-03-19,189.072061,165.2019481063747,-23.870112893625304
elastic_net,fold_2,410,H0411,2022-07-10,154.081179,158.8862535053646,4.805074505364615
elastic_net,fold_3,411,H0412,2023-07-28,136.491172,135.11171522975235,-1.379456770247657
elastic_net,fold_3,412,H0413,2024-01-21,113.519252,122.54510839064311,9.025856390643114
elastic_net,fold_3,413,H0414,2023-07-07,124.980555,136.42918096213586,11.448625962135864
elastic_net,fold_1,414,H0415,2020-08-21,192.431917,153.47983009564084,-38.95208690435916
elastic_net,fold_3,415,H0416,2024-01-21,115.203741,133.08777182896796,17.884030828967965
elastic_net,fold_2,418,H0419,2022-10-12,155.775204,136.68280790532503,-19.092396094674967
elastic_net,fold_3,420,H0421,2023-05-15,123.64581,137.73774716047168,14.091937160471687
elastic_net,fold_2,424,H0425,2022-07-14,126.998285,142.0565734643034,15.058288464303402
elastic_net,fold_1,426,H0427,2020-12-10,153.099936,138.52504222296974,-14.574893777030269
elastic_net,fold_2,427,H0428,2023-02-13,138.586693,143.23870254157038,4.652009541570379
elastic_net,fold_1,432,H0433,2020-09-28,116.458741,131.4829591300113,15.024218130011292
elastic_net,fold_2,435,H0436,2022-06-25,127.021477,131.082164991267,4.060687991267002
elastic_net,fold_3,438,H0439,2023-04-27,109.779947,122.85992624444435,13.079979244444345
elastic_net,fold_1,440,H0441,2020-10-08,133.583156,136.2984120342906,2.7152560342906042
elastic_net,fold_3,441,H0442,2024-04-24,127.138594,128.51471299415743,1.3761189941574372
elastic_net,fold_1,442,H0443,2021-01-31,110.844249,118.089398460116,7.2451494601159965
elastic_net,fold_2,444,H0445,2022-01-13,129.391394,135.83925915482777,6.447865154827781
elastic_net,fold_3,446,H0447,2024-07-11,141.053611,149.02159845842348,7.967987458423494
elastic_net,fold_1,447,H0448,2020-07-07,225.413883,168.94763097567167,-56.46625202432833
elastic_net,fold_2,449,H0450,2022-10-03,155.87706,170.77698766652063,14.899927666520625
elastic_net,fold_3,451,H0452,2024-04-28,111.612226,116.67943532751822,5.0672093275182135
elastic_net,fold_1,452,H0453,2020-10-23,149.672141,120.6519536797265,-29.020187320273507
elastic_net,fold_2,456,H0457,2022-06-21,138.478522,131.0193815749051,-7.459140425094887
elastic_net,fold_3,457,H0458,2023-07-06,191.454009,164.59498833481825,-26.85902066518176
elastic_net,fold_3,458,H0459,2023-11-24,151.759356,158.71710510353216,6.957749103532166
elastic_net,fold_1,461,H0462,2020-12-26,199.194383,172.59980709396496,-26.594575906035033
elastic_net,fold_3,465,H0466,2023-10-10,157.778394,159.34414597288844,1.5657519728884495
elastic_net,fold_2,466,H0467,2022-11-14,137.648167,138.76870186550576,1.1205348655057605
elastic_net,fold_1,468,H0469,2020-07-16,134.688036,117.0194222993932,-17.668613700606812
elastic_net,fold_3,471,H0472,2024-05-24,156.637781,171.04916472035347,14.411383720353484
elastic_net,fold_3,472,H0473,2023-08-07,169.47359,171.74794907379544,2.274359073795438
elastic_net,fold_3,473,H0474,2023-09-19,177.087355,164.69448213886471,-12.392872861135288
elastic_net,fold_1,474,H0475,2021-06-01,138.489522,144.28771162494394,5.798189624943944
elastic_net,fold_1,475,H0476,2020-12-05,150.998391,159.0889304528113,8.0905394528113
elastic_net,fold_3,476,H0477,2023-03-21,143.872059,148.75380826141904,4.881749261419031
elastic_net,fold_3,482,H0483,2023-07-10,154.414356,159.03319437783352,4.6188383778335265
elastic_net,fold_1,485,H0486,2021-02-25,159.040022,165.37206302372283,6.332041023722837
elastic_net,fold_2,486,H0487,2022-11-20,144.319948,149.89609631795582,5.576148317955813
elastic_net,fold_3,488,H0489,2024-04-07,172.821716,166.34771702788794,-6.473998972112071
elastic_net,fold_3,490,H0491,2023-04-28,148.347794,150.82533595882575,2.4775419588257535
elastic_net,fold_2,493,H0494,2022-05-19,129.701953,134.8351266842389,5.133173684238898
elastic_net,fold_2,494,H0495,2022-05-15,118.781653,123.11439243562043,4.332739435620425
elastic_net,fold_3,495,H0496,2024-07-14,131.922512,135.2180820719487,3.2955700719486742
elastic_net,fold_3,497,H0498,2023-12-13,151.566632,152.6118325100768,1.0452005100767963
elastic_net,fold_1,498,H0499,2021-09-28,132.844566,121.49742200540837,-11.347143994591619
elastic_net,fold_1,502,H0503,2020-11-11,141.482493,131.6004380229469,-9.882054977053116
elastic_net,fold_2,505,H0506,2022-11-19,159.052446,141.18200728176868,-17.870438718231327
elastic_net,fold_3,506,H0507,2023-11-18,185.751791,177.51606547810266,-8.235725521897336
elastic_net,fold_3,508,H0509,2024-05-18,152.629763,151.69911685087482,-0.930646149125181
elastic_net,fold_2,509,H0510,2022-09-19,192.69365,163.81323270858357,-28.88041729141642
elastic_net,fold_1,511,H0512,2021-06-21,173.589992,151.58585372627996,-22.00413827372003
elastic_net,fold_3,512,H0513,2023-11-21,153.041636,159.40842481045865,6.366788810458644
elastic_net,fold_1,513,H0514,2021-09-16,112.790986,141.19933131725418,28.408345317254174
elastic_net,fold_1,514,H0515,2020-11-30,187.923029,158.58621411858775,-29.336814881412266
elastic_net,fold_1,515,H0516,2021-03-05,142.986507,145.35641721943554,2.3699102194355532
elastic_net,fold_1,522,H0523,2020-05-11,165.210453,129.1064247531121,-36.10402824688791
elastic_net,fold_2,523,H0524,2022-10-20,98.2832,123.32977351741084,25.04657351741085
elastic_net,fold_2,524,H0525,2022-10-14,134.240011,132.63944318794796,-1.6005678120520486
elastic_net,fold_3,525,H0526,2024-02-29,148.711613,145.41151566864616,-3.3000973313538395
elastic_net,fold_1,527,H0528,2021-04-04,158.814774,165.5433648097381,6.728590809738108
elastic_net,fold_3,528,H0529,2024-02-03,147.160487,143.7933874029133,-3.3670995970866784
elastic_net,fold_2,529,H0530,2022-04-14,147.82961,152.95166570263893,5.1220557026389315
elastic_net,fold_2,531,H0532,2021-12-17,158.298771,144.10259048211185,-14.196180517888138
elastic_net,fold_3,533,H0534,2024-01-07,130.818441,144.18101933930944,13.362578339309437
elastic_net,fold_2,535,H0536,2023-02-20,194.675283,175.53748228256688,-19.137800717433123
elastic_net,fold_2,540,H0541,2022-08-25,141.057172,130.4545830629254,-10.602588937074614
elastic_net,fold_1,541,H0542,2021-03-28,153.42246,147.97945122507963,-5.443008774920372
elastic_net,fold_1,543,H0544,2021-07-26,139.363503,137.38823395561056,-1.9752690443894494
elastic_net,fold_3,545,H0546,2023-11-30,129.121245,129.88514624979922,0.7639012497992326
elastic_net,fold_3,546,H0547,2024-01-06,112.029962,129.8437002710941,17.813738271094095
elastic_net,fold_1,549,H0550,2021-01-01,147.165366,151.28871693846924,4.12335093846923
elastic_net,fold_3,552,H0553,2024-02-25,154.843412,141.04263882024784,-13.800773179752156
elastic_net,fold_3,553,H0554,2024-04-14,130.773201,131.9578599133074,1.184658913307402
elastic_net,fold_1,556,H0557,2020-12-07,130.158219,134.65711760778112,4.498898607781115
elastic_net,fold_3,558,H0559,2024-01-16,121.482374,138.45064565134234,16.96827165134235
elastic_net,fold_2,559,H0560,2022-07-03,164.313743,165.5683346938224,1.2545916938224195
elastic_net,fold_2,561,H0562,2021-11-22,136.948025,149.90811390084735,12.960088900847353
elastic_net,fold_2,562,H0563,2023-01-16,130.480645,133.34849720472516,2.8678522047251533
elastic_net,fold_1,566,H0567,2020-12-03,121.54532,128.57269315021702,7.0273731502170165
elastic_net,fold_1,567,H0568,2021-03-28,128.414645,133.89984289081312,5.485197890813112
elastic_net,fold_3,569,H0570,2024-02-23,139.712011,129.20158785732926,-10.510423142670732
elastic_net,fold_2,573,H0574,2022-12-12,203.732706,171.0126738379334,-32.720032162066616
elastic_net,fold_2,575,H0576,2021-11-08,106.693541,121.15194862014303,14.458407620143035
elastic_net,fold_3,578,H0579,2023-03-02,185.402319,154.0620172106514,-31.340301789348615
elastic_net,fold_3,579,H0580,2023-11-18,152.297587,161.4941139584286,9.19652695842862
elastic_net,fold_1,581,H0582,2021-09-15,203.028468,159.41610900741838,-43.61235899258162
elastic_net,fold_2,582,H0583,2022-03-31,116.771074,123.15024469885364,6.379170698853642
elastic_net,fold_2,583,H0584,2022-04-14,125.65067,123.15024469885364,-2.5004253011463646
elastic_net,fold_2,584,H0585,2022-04-26,119.708128,142.28419977556075,22.57607177556075
elastic_net,fold_3,586,H0587,2024-06-17,124.615442,141.1277897927939,16.51234779279389
elastic_net,fold_2,588,H0589,2022-02-16,130.719169,137.08858818019297,6.369419180192978
elastic_net,fold_1,589,H0590,2020-12-19,106.175706,142.38197422787647,36.206268227876464
elastic_net,fold_2,591,H0592,2022-10-24,131.682477,124.59120354458548,-7.091273455414523
elastic_net,fold_1,592,H0593,2020-12-22,179.727125,151.41171697458753,-28.315408025412466
elastic_net,fold_3,597,H0598,2023-06-26,127.387591,149.64834465433495,22.26075365433495
elastic_net,fold_2,598,H0599,2021-11-26,194.0406,178.5232619563082,-15.517338043691808
elastic_net,fold_3,599,H0600,2024-02-06,151.330618,144.928563358837,-6.402054641162977
elastic_net,fold_1,601,H0602,2021-01-14,127.706965,129.80189997295892,2.0949349729589244
elastic_net,fold_1,602,H0603,2020-06-26,125.244514,134.10952006835282,8.865006068352827
elastic_net,fold_2,605,H0606,2022-06-06,105.020449,128.11925435665114,23.09880535665114
elastic_net,fold_2,606,H0607,2021-11-02,107.224936,124.40296638417794,17.178030384177944
elastic_net,fold_2,608,H0609,2022-09-22,166.190016,167.26073532235583,1.0707193223558136
elastic_net,fold_3,609,H0610,2024-01-31,134.959825,136.92766787142585,1.9678428714258587
elastic_net,fold_2,610,H0611,2022-09-30,155.771214,173.07976014992735,17.308546149927366
elastic_net,fold_1,611,H0612,2021-01-11,132.029839,121.48803168035656,-10.541807319643453
elastic_net,fold_3,614,H0615,2024-03-17,136.116076,150.86907568766327,14.752999687663277
elastic_net,fold_3,617,H0618,2023-12-08,113.51782,138.59349782565053,25.07567782565053
elastic_net,fold_3,618,H0619,2024-04-15,140.841682,141.7001723332426,0.8584903332425995
elastic_net,fold_1,627,H0628,2020-08-11,137.741162,129.1434858974316,-8.597676102568414
elastic_net,fold_1,628,H0629,2021-09-04,148.116188,129.17731220942434,-18.93887579057565
elastic_net,fold_2,629,H0630,2022-04-09,127.845275,143.83702399293452,15.991748992934518
elastic_net,fold_2,630,H0631,2023-02-04,170.199875,177.9845554385195,7.784680438519501
elastic_net,fold_3,631,H0632,2023-04-08,167.415438,166.46911443761078,-0.9463235623892103
elastic_net,fold_1,632,H0633,2020-06-06,175.249614,182.68146538873197,7.431851388731957
elastic_net,fold_1,633,H0634,2021-04-26,184.516947,158.75461502151347,-25.762331978486515
elastic_net,fold_3,635,H0636,2024-05-27,119.449952,134.0148150773467,14.5648630773467
elastic_net,fold_2,637,H0638,2022-11-11,172.114066,138.84587252788265,-33.26819347211736
elastic_net,fold_1,638,H0639,2020-08-19,137.019615,142.55496971004536,5.535354710045368
elastic_net,fold_1,639,H0640,2021-06-30,125.55018,116.54878026808679,-9.00139973191321
elastic_net,fold_1,640,H0641,2020-08-04,116.601689,131.21761196607696,14.615922966076965
elastic_net,fold_2,644,H0645,2021-11-04,176.233289,151.47563359138056,-24.757655408619456
elastic_net,fold_3,645,H0646,2024-04-04,110.775019,131.30176271466593,20.526743714665926
elastic_net,fold_1,646,H0647,2020-07-19,105.219867,118.84298095758285,13.62311395758286
elastic_net,fold_2,647,H0648,2021-11-23,153.192398,158.09814646427296,4.9057484642729605
elastic_net,fold_1,649,H0650,2020-08-09,139.154641,128.48670036392286,-10.667940636077134
elastic_net,fold_1,650,H0651,2020-12-06,123.618484,128.3610945091183,4.742610509118293
elastic_net,fold_2,652,H0653,2022-03-17,123.690005,130.61941013998978,6.9294051399897825
elastic_net,fold_3,653,H0654,2024-03-15,185.112735,172.40403174250832,-12.708703257491663
elastic_net,fold_2,654,H0655,2022-03-18,144.218166,133.3504534181627,-10.86771258183731
elastic_net,fold_3,655,H0656,2023-12-12,136.551085,139.2613343153002,2.7102493153001888
elastic_net,fold_2,657,H0658,2021-10-03,171.519427,142.57886621865936,-28.94056078134065
elastic_net,fold_1,658,H0659,2021-05-23,168.35803,170.43818732258134,2.0801573225813286
elastic_net,fold_3,662,H0663,2023-10-26,176.292889,163.66340407705678,-12.62948492294322
elastic_net,fold_1,663,H0664,2020-06-18,133.415695,132.53718038811414,-0.878514611885862
elastic_net,fold_1,667,H0668,2021-03-06,100.724212,121.11232796328284,20.388115963282843
elastic_net,fold_1,668,H0669,2021-04-22,127.782479,128.89695293531602,1.1144739353160276
elastic_net,fold_3,672,H0673,2023-11-25,122.407017,122.98926784375922,0.5822508437592262
elastic_net,fold_1,674,H0675,2021-02-09,155.038059,145.50750541135287,-9.530553588647138
elastic_net,fold_2,675,H0676,2022-07-30,127.871087,133.5191515279555,5.648064527955498
elastic_net,fold_1,678,H0679,2021-02-21,119.815317,125.62690645303346,5.811589453033463
elastic_net,fold_2,679,H0680,2022-11-07,183.255159,165.8963821608572,-17.35877683914279
elastic_net,fold_1,680,H0681,2021-08-18,153.60066,157.68786200787605,4.087202007876044
elastic_net,fold_2,681,H0682,2021-10-12,138.325289,131.6948284465255,-6.6304605534745065
elastic_net,fold_2,683,H0684,2022-08-11,157.725541,140.8913497424679,-16.834191257532098
elastic_net,fold_2,684,H0685,2022-05-21,186.31524,164.86453645305713,-21.45070354694286
elastic_net,fold_1,685,H0686,2021-01-03,140.247781,126.46760522429085,-13.780175775709154
elastic_net,fold_2,686,H0687,2022-08-11,161.752058,152.03488625782146,-9.71717174217855
elastic_net,fold_1,688,H0689,2021-03-09,133.307227,128.3624571852981,-4.944769814701914
elastic_net,fold_2,690,H0691,2022-11-01,114.226275,131.2665861882729,17.040311188272895
elastic_net,fold_2,694,H0695,2022-10-16,131.568044,133.64442728556335,2.0763832855633666
elastic_net,fold_3,697,H0698,2024-05-31,126.422264,126.86488864737908,0.4426246473790769
elastic_net,fold_2,698,H0699,2022-06-25,139.432085,139.75845182155157,0.3263668215515736
elastic_net,fold_3,699,H0700,2024-07-21,196.190354,165.86844422061438,-30.321909779385635
extra_trees,fold_1,3,H0004,2021-07-25,183.694985,179.18033613922864,-4.514648860771359
extra_trees,fold_2,6,H0007,2022-09-24,129.480289,146.3607512313135,16.880462231313487
extra_trees,fold_2,7,H0008,2023-01-11,121.154322,134.503341949277,13.349019949277007
extra_trees,fold_2,8,H0009,2022-06-06,139.293116,132.59712370388732,-6.695992296112678
extra_trees,fold_1,11,H0012,2020-06-30,183.243903,169.31957433828282,-13.924328661717169
extra_trees,fold_1,13,H0014,2020-09-07,170.796794,161.967750066469,-8.829043933531011
extra_trees,fold_3,15,H0016,2023-04-08,149.953225,172.7056866338097,22.752461633809702
extra_trees,fold_3,17,H0018,2024-04-30,119.620279,138.84576252237386,19.225483522373864
extra_trees,fold_1,18,H0019,2021-02-04,143.476193,159.03402357113563,15.55783057113564
extra_trees,fold_1,19,H0020,2020-11-15,189.77568,176.7401904247641,-13.035489575235886
extra_trees,fold_3,21,H0022,2023-04-29,160.716911,128.41740779180077,-32.29950320819924
extra_trees,fold_1,23,H0024,2021-09-16,135.598247,133.59467277083246,-2.0035742291675263
extra_trees,fold_3,25,H0026,2023-12-05,139.17006,154.68333396881354,15.513273968813536
extra_trees,fold_2,27,H0028,2022-04-26,149.924119,129.5944910824119,-20.329627917588084
extra_trees,fold_1,28,H0029,2020-07-10,162.864843,146.06752193497854,-16.797321065021464
extra_trees,fold_1,29,H0030,2021-08-16,165.512334,174.12667906537305,8.614345065373044
extra_trees,fold_2,30,H0031,2022-08-31,141.977017,131.4998076697397,-10.47720933026028
extra_trees,fold_2,32,H0033,2022-07-28,147.233426,134.60746406438406,-12.625961935615948
extra_trees,fold_2,34,H0035,2022-02-06,149.268617,132.4568387247239,-16.81177827527611
extra_trees,fold_3,37,H0038,2024-07-13,141.669636,155.7238117970422,14.054175797042205
extra_trees,fold_1,38,H0039,2020-09-30,119.664683,133.14737044588585,13.482687445885858
extra_trees,fold_2,39,H0040,2022-02-22,159.589876,155.04773703199132,-4.542138968008686
extra_trees,fold_2,40,H0041,2022-03-17,131.270653,113.2777292360476,-17.992923763952405
extra_trees,fold_3,42,H0043,2023-03-17,153.628101,183.93306983448116,30.304968834481173
extra_trees,fold_1,44,H0045,2021-05-15,131.832096,122.21480802661402,-9.617287973385984
extra_trees,fold_1,45,H0046,2020-11-15,127.350213,126.43271880735243,-0.9174941926475668
extra_trees,fold_3,47,H0048,2024-06-13,208.649234,191.60804580809116,-17.041188191908844
extra_trees,fold_1,48,H0049,2020-06-04,130.962653,166.21367249936355,35.251019499363565
extra_trees,fold_2,49,H0050,2022-07-24,161.638,155.22505083532155,-6.4129491646784516
extra_trees,fold_1,50,H0051,2020-09-11,133.415175,153.8961731615381,20.480998161538082
extra_trees,fold_3,51,H0052,2024-07-09,157.866639,139.96863379317784,-17.89800520682215
extra_trees,fold_2,54,H0055,2023-01-22,119.47747,127.82177835371434,8.34430835371434
extra_trees,fold_1,55,H0056,2021-03-17,148.335177,129.37581668757204,-18.959360312427947
extra_trees,fold_2,56,H0057,2022-09-22,126.902781,131.21528778948095,4.312506789480949
extra_trees,fold_2,58,H0059,2022-04-15,136.78526,129.71060847929277,-7.074651520707221
extra_trees,fold_1,60,H0061,2020-12-06,155.407423,157.0876922900812,1.6802692900812133
extra_trees,fold_2,61,H0062,2023-02-23,156.473576,163.03191147502372,6.558335475023711
extra_trees,fold_3,62,H0063,2024-07-15,123.259631,124.3210157088816,1.0613847088816044
extra_trees,fold_2,63,H0064,2022-05-11,134.103334,129.28338264517149,-4.819951354828504
extra_trees,fold_1,65,H0066,2020-08-29,200.898625,173.083593065486,-27.815031934513996
extra_trees,fold_2,67,H0068,2022-09-19,118.917863,127.3509335245333,8.433070524533306
extra_trees,fold_2,71,H0072,2022-08-09,139.641015,167.93727499874765,28.296259998747644
extra_trees,fold_1,75,H0076,2021-05-26,141.137948,131.51399726773488,-9.623950732265115
extra_trees,fold_3,78,H0079,2023-12-12,118.615149,124.8914808597713,6.276331859771304
extra_trees,fold_2,79,H0080,2023-01-02,194.38275,188.95724074726894,-5.425509252731047
extra_trees,fold_1,80,H0081,2021-07-01,126.998558,140.361111670681,13.362553670680995
extra_trees,fold_3,81,H0082,2023-03-27,143.154096,143.18212109967772,0.02802509967770561
extra_trees,fold_2,84,H0085,2023-01-12,143.052677,133.738937506058,-9.313739493941995
extra_trees,fold_3,87,H0088,2023-11-15,176.139532,169.49951423107822,-6.64001776892178
extra_trees,fold_3,88,H0089,2023-04-30,146.723595,129.05961467045785,-17.66398032954214
extra_trees,fold_1,89,H0090,2021-08-13,144.581428,182.59849677237122,38.01706877237123
extra_trees,fold_2,90,H0091,2021-10-20,142.905141,169.6321949010142,26.727053901014216
extra_trees,fold_2,91,H0092,2023-01-13,149.994928,153.6469115929691,3.651983592969117
extra_trees,fold_3,92,H0093,2024-02-08,165.295584,161.95918691067794,-3.3363970893220483
extra_trees,fold_1,93,H0094,2021-04-23,156.65485,137.0475698835532,-19.607280116446816
extra_trees,fold_3,96,H0097,2024-01-11,126.645387,133.42462061953017,6.779233619530174
extra_trees,fold_1,98,H0099,2021-07-14,130.193525,126.86123434033867,-3.332290659661325
extra_trees,fold_2,100,H0101,2022-01-18,172.812894,148.1938603737143,-24.6190336262857
extra_trees,fold_1,101,H0102,2020-05-24,121.660846,131.94995710265,10.289111102649983
extra_trees,fold_3,103,H0104,2024-06-03,140.94746,144.3821523293358,3.434692329335803
extra_trees,fold_3,104,H0105,2023-09-25,137.547889,123.75791648927394,-13.78997251072606
extra_trees,fold_3,105,H0106,2023-04-01,149.56439,136.79667269886818,-12.767717301131825
extra_trees,fold_3,106,H0107,2024-01-09,141.316391,158.9092478467785,17.59285684677849
extra_trees,fold_2,107,H0108,2022-04-06,118.277004,127.34041920010159,9.063415200101588
extra_trees,fold_3,111,H0112,2023-03-06,172.74858,173.85913668633552,1.1105566863355136
extra_trees,fold_3,113,H0114,2024-01-24,124.20688,131.39525832304503,7.188378323045029
extra_trees,fold_3,114,H0115,2023-12-04,168.008939,167.23594463236415,-0.772994367635846
extra_trees,fold_1,118,H0119,2020-09-24,179.01803,161.56020426486825,-17.457825735131763
extra_trees,fold_3,124,H0125,2024-05-02,160.430043,156.4986049784422,-3.931438021557824
extra_trees,fold_3,127,H0128,2023-05-28,129.687754,122.7270817602713,-6.960672239728709
extra_trees,fold_3,128,H0129,2023-07-03,197.070001,180.6340260826929,-16.435974917307078
extra_trees,fold_3,130,H0131,2023-03-30,167.00117,143.17736099277928,-23.823809007220717
extra_trees,fold_3,131,H0132,2023-04-26,141.788244,129.92550296904756,-11.862741030952435
extra_trees,fold_3,132,H0133,2024-03-03,169.085419,168.5597783657429,-0.5256406342571154
extra_trees,fold_1,133,H0134,2021-05-09,110.674359,133.78620097516685,23.111841975166854
extra_trees,fold_2,135,H0136,2022-12-31,154.011252,133.2462619906191,-20.76499000938091
extra_trees,fold_1,140,H0141,2020-06-11,173.632595,164.40858581617604,-9.224009183823966
extra_trees,fold_1,141,H0142,2021-03-05,132.750505,127.5626367043612,-5.187868295638808
extra_trees,fold_3,144,H0145,2023-04-16,167.175082,163.43873521533015,-3.7363467846698484
extra_trees,fold_1,145,H0146,2020-10-20,111.858898,125.89790790682216,14.039009906822159
extra_trees,fold_1,147,H0148,2020-12-13,140.570607,136.77059102825945,-3.8000159717405495
extra_trees,fold_3,148,H0149,2023-04-19,162.084136,153.71938043540013,-8.364755564599875
extra_trees,fold_3,149,H0150,2023-05-19,125.460151,124.4533816982896,-1.006769301710392
extra_trees,fold_1,152,H0153,2021-06-07,183.667784,173.5222853382547,-10.145498661745307
extra_trees,fold_1,154,H0155,2020-09-23,122.203993,130.58625369541676,8.382260695416761
extra_trees,fold_1,156,H0157,2020-11-27,143.670765,135.6328437316921,-8.037921268307883
extra_trees,fold_1,157,H0158,2021-05-06,186.291265,161.39613281304767,-24.89513218695234
extra_trees,fold_3,158,H0159,2024-05-09,173.98285,155.87993930056365,-18.102910699436364
extra_trees,fold_2,159,H0160,2022-12-23,147.096345,162.66589062245515,15.569545622455138
extra_trees,fold_3,162,H0163,2024-07-10,153.805134,154.74189624051198,0.9367622405119675
extra_trees,fold_1,165,H0166,2020-11-10,140.48468,158.20921619379274,17.724536193792744
extra_trees,fold_3,167,H0168,2023-10-16,107.402665,134.94424472226902,27.54157972226902
extra_trees,fold_3,172,H0173,2023-04-20,151.026066,170.83532347922278,19.809257479222794
extra_trees,fold_2,176,H0177,2023-02-22,133.161928,141.9667499569579,8.804821956957909
extra_trees,fold_3,177,H0178,2024-01-30,144.932831,157.39664130096887,12.463810300968873
extra_trees,fold_2,178,H0179,2022-10-29,114.748879,136.15191828764213,21.40303928764213
extra_trees,fold_3,179,H0180,2024-01-18,101.212102,123.30966897373662,22.09756697373662
extra_trees,fold_3,180,H0181,2024-05-24,201.412845,172.46381818026654,-28.94902681973346
extra_trees,fold_3,181,H0182,2023-08-16,139.8981,148.06198353904455,8.163883539044548
extra_trees,fold_1,182,H0183,2021-03-14,145.242497,141.86080940681202,-3.381687593187962
extra_trees,fold_3,183,H0184,2023-06-07,134.304233,144.56711920194132,10.262886201941313
extra_trees,fold_3,184,H0185,2024-06-18,97.696023,128.62755297221824,30.931529972218243
extra_trees,fold_1,185,H0186,2020-08-24,145.542835,155.11661255394776,9.573777553947764
extra_trees,fold_2,186,H0187,2021-12-19,139.479896,131.84468975327547,-7.635206246724522
extra_trees,fold_1,191,H0192,2020-05-31,160.005412,136.54767457624285,-23.457737423757152
extra_trees,fold_2,193,H0194,2022-02-24,119.995948,131.71237922831898,11.716431228318982
extra_trees,fold_1,195,H0196,2021-05-10,150.308825,168.2005388522968,17.89171385229679
extra_trees,fold_1,200,H0201,2020-10-06,133.889569,150.36467904422616,16.47511004422617
extra_trees,fold_2,201,H0202,2021-10-28,136.016116,149.50079350405713,13.484677504057117
extra_trees,fold_3,203,H0204,2023-03-21,117.706484,115.66279410708422,-2.043689892915779
extra_trees,fold_1,204,H0205,2021-06-10,154.76783,124.53089012934767,-30.236939870652336
extra_trees,fold_2,205,H0206,2022-07-05,126.325033,140.81107458335237,14.48604158335236
extra_trees,fold_3,212,H0213,2024-06-29,156.576933,139.4402089214857,-17.136724078514305
extra_trees,fold_2,213,H0214,2022-02-26,114.53955,134.70292329473733,20.163373294737326
extra_trees,fold_3,223,H0224,2023-11-19,135.693147,128.70607889644918,-6.9870681035508255
extra_trees,fold_2,224,H0225,2022-02-18,174.549441,166.17876072458188,-8.370680275418124
extra_trees,fold_1,225,H0226,2021-07-04,112.989085,126.14071231980941,13.151627319809407
extra_trees,fold_2,226,H0227,2022-05-11,193.324715,189.20810909860532,-4.116605901394678
extra_trees,fold_3,227,H0228,2024-04-30,183.682726,186.4232181123715,2.7404921123714985
extra_trees,fold_2,231,H0232,2022-12-15,167.916254,160.1114169972039,-7.80483700279612
extra_trees,fold_2,233,H0234,2021-12-20,139.267142,138.9702814899166,-0.2968605100834054
extra_trees,fold_3,234,H0235,2023-06-09,152.7288,147.74196805550798,-4.986831944492025
extra_trees,fold_1,241,H0242,2021-06-21,185.812781,165.73889601711906,-20.07388498288094
extra_trees,fold_1,245,H0246,2021-04-19,174.226941,173.3690772827666,-0.857863717233414
extra_trees,fold_2,247,H0248,2023-02-04,164.707407,178.15706145860062,13.449654458600634
extra_trees,fold_2,248,H0249,2022-08-29,150.087325,161.51118291858506,11.423857918585071
extra_trees,fold_2,250,H0251,2022-06-03,143.091883,137.2753933512803,-5.81648964871971
extra_trees,fold_1,251,H0252,2021-03-30,129.746433,125.98219429122368,-3.7642387087763183
extra_trees,fold_3,252,H0253,2023-06-25,151.688584,168.14360933176593,16.45502533176594
extra_trees,fold_2,253,H0254,2022-02-23,114.302566,145.01462485335716,30.712058853357163
extra_trees,fold_3,254,H0255,2023-04-13,139.410331,136.73796879006673,-2.672362209933283
extra_trees,fold_3,256,H0257,2023-06-11,139.839053,133.26104730717066,-6.57800569282935
extra_trees,fold_3,257,H0258,2024-02-21,147.756514,174.64493544395708,26.88842144395707
extra_trees,fold_1,258,H0259,2020-11-30,156.933124,141.81735707531664,-15.115766924683356
extra_trees,fold_3,259,H0260,2023-12-23,155.260785,158.55969838091679,3.2989133809167868
extra_trees,fold_3,263,H0264,2024-03-27,145.983842,130.35664646948467,-15.627195530515337
extra_trees,fold_3,264,H0265,2024-04-18,127.011051,130.95233163502925,3.9412806350292584
extra_trees,fold_1,265,H0266,2021-09-05,122.86288,128.67773467788808,5.8148546778880785
extra_trees,fold_3,267,H0268,2024-01-27,171.422696,165.22793867470713,-6.194757325292869
extra_trees,fold_1,268,H0269,2021-09-22,170.583356,163.51942054780451,-7.063935452195494
extra_trees,fold_1,269,H0270,2020-07-23,186.790711,161.138095835988,-25.65261516401199
extra_trees,fold_3,271,H0272,2023-12-15,157.465107,161.57947375751834,4.114366757518354
extra_trees,fold_2,272,H0273,2022-05-26,135.355501,131.91115229822526,-3.444348701774743
extra_trees,fold_3,280,H0281,2024-01-23,142.301879,156.01068129325006,13.708802293250045
extra_trees,fold_2,283,H0284,2022-03-06,125.253119,130.56750554569768,5.314386545697687
extra_trees,fold_3,284,H0285,2023-07-14,223.773217,195.03178922038177,-28.74142777961822
extra_trees,fold_1,285,H0286,2020-10-01,160.71384,158.23769894669263,-2.476141053307373
extra_trees,fold_1,292,H0293,2020-08-04,106.954368,122.51725755759996,15.56288955759996
extra_trees,fold_2,294,H0295,2023-02-23,121.350452,124.28963749497638,2.939185494976371
extra_trees,fold_1,296,H0297,2021-04-29,166.830316,171.34644990753318,4.516133907533174
extra_trees,fold_1,297,H0298,2021-09-04,137.631178,140.16479141723508,2.533613417235074
extra_trees,fold_3,301,H0302,2023-12-27,166.479026,157.3569067017931,-9.122119298206911
extra_trees,fold_3,304,H0305,2023-05-13,124.29625,125.84789907399501,1.5516490739950086
extra_trees,fold_2,308,H0309,2022-08-16,123.531393,135.77012889188728,12.238735891887288
extra_trees,fold_3,311,H0312,2023-11-23,151.041177,155.64681576965717,4.605638769657162
extra_trees,fold_3,315,H0316,2024-07-27,160.585395,174.70048796980967,14.115092969809666
extra_trees,fold_3,316,H0317,2023-10-04,134.198625,132.5426612771753,-1.65596372282468
extra_trees,fold_3,317,H0318,2024-06-22,110.68118,127.42318862611909,16.742008626119087
extra_trees,fold_1,320,H0321,2021-03-09,139.845247,129.09228602549837,-10.752960974501633
extra_trees,fold_1,321,H0322,2020-05-26,123.318123,143.17822639177155,19.860103391771545
extra_trees,fold_1,324,H0325,2021-01-12,137.021914,134.90557234057374,-2.1163416594262685
extra_trees,fold_1,325,H0326,2021-09-17,142.364009,142.9044429152746,0.5404339152745763
extra_trees,fold_3,329,H0330,2024-06-29,166.197665,178.07807420255008,11.880409202550084
extra_trees,fold_3,330,H0331,2023-05-06,139.111444,123.17536352623239,-15.936080473767618
extra_trees,fold_2,331,H0332,2022-03-23,125.943393,122.53309805279272,-3.4102949472072766
extra_trees,fold_2,332,H0333,2023-01-04,134.615772,152.03100806271286,17.415236062712864
extra_trees,fold_3,333,H0334,2023-10-13,164.715736,133.84208372226348,-30.87365227773651
extra_trees,fold_1,335,H0336,2021-09-21,145.075279,164.23532029096887,19.160041290968877
extra_trees,fold_2,336,H0337,2021-10-17,151.798498,171.52051758145234,19.722019581452344
extra_trees,fold_1,339,H0340,2021-09-03,164.852885,135.07623474181668,-29.77665025818331
extra_trees,fold_1,340,H0341,2020-09-06,150.579586,133.49511235778243,-17.084473642217574
extra_trees,fold_1,342,H0343,2020-07-31,107.806693,143.3494346942048,35.54274169420481
extra_trees,fold_3,343,H0344,2023-09-10,132.123547,132.04091660203323,-0.08263039796676708
extra_trees,fold_2,344,H0345,2022-10-07,93.963404,133.82231855022872,39.85891455022872
extra_trees,fold_1,347,H0348,2020-09-25,170.113589,163.977635774781,-6.135953225218998
extra_trees,fold_2,348,H0349,2022-06-09,158.525099,173.3858501154261,14.860751115426098
extra_trees,fold_2,350,H0351,2023-02-12,129.68708,131.00112716225703,1.314047162257026
extra_trees,fold_3,351,H0352,2024-01-04,134.163869,137.25503434965242,3.091165349652414
extra_trees,fold_3,353,H0354,2023-09-30,160.106154,152.26166745952065,-7.844486540479352
extra_trees,fold_1,355,H0356,2020-05-07,170.691275,163.9841268482738,-6.707148151726187
extra_trees,fold_3,356,H0357,2023-07-29,113.792679,128.19263499481414,14.399955994814135
extra_trees,fold_3,360,H0361,2023-04-15,196.456808,180.25674424213796,-16.20006375786204
extra_trees,fold_2,361,H0362,2022-03-07,134.690669,166.6623248280251,31.971655828025092
extra_trees,fold_1,363,H0364,2021-09-15,124.763049,123.99030898129526,-0.772740018704738
extra_trees,fold_3,365,H0366,2024-07-14,162.447747,166.97470261139466,4.526955611394669
extra_trees,fold_1,367,H0368,2021-07-22,108.146926,130.81875375113336,22.671827751133364
extra_trees,fold_3,368,H0369,2023-08-26,155.222482,167.26908341192083,12.046601411920818
extra_trees,fold_2,371,H0372,2022-05-19,145.14254,129.45305496129524,-15.68948503870476
extra_trees,fold_2,372,H0373,2022-01-27,176.808131,180.59718199019022,3.789050990190219
extra_trees,fold_1,373,H0374,2020-06-06,127.389307,127.15120325884995,-0.23810374115005573
extra_trees,fold_1,374,H0375,2021-06-29,139.362192,133.6419376048786,-5.720254395121401
extra_trees,fold_3,377,H0378,2024-05-09,205.849381,179.12103798021207,-26.72834301978793
extra_trees,fold_1,379,H0380,2020-05-16,172.945798,183.95982265508337,11.014024655083375
extra_trees,fold_3,383,H0384,2023-12-16,138.844458,132.42381544333006,-6.4206425566699465
extra_trees,fold_2,386,H0387,2022-08-18,170.651731,172.33112257388555,1.679391573885539
extra_trees,fold_3,389,H0390,2023-04-17,154.021642,158.8838923449086,4.862250344908574
extra_trees,fold_1,393,H0394,2021-08-15,111.578597,131.31486812557307,19.73627112557307
extra_trees,fold_1,395,H0396,2020-05-16,178.725791,159.61256728437377,-19.11322371562622
extra_trees,fold_1,396,H0397,2020-07-02,144.371266,134.20843603641578,-10.162829963584215
extra_trees,fold_3,397,H0398,2023-11-09,114.609569,131.19349484646182,16.583925846461824
extra_trees,fold_1,398,H0399,2021-01-03,171.095287,174.72450841182152,3.6292214118215043
extra_trees,fold_2,399,H0400,2021-11-05,153.707065,136.36581448239443,-17.341250517605573
extra_trees,fold_2,400,H0401,2023-02-10,142.038459,136.82911153676207,-5.209347463237918
extra_trees,fold_3,401,H0402,2023-06-16,159.729596,167.47997032200723,7.7503743220072465
extra_trees,fold_3,403,H0404,2023-08-07,187.859592,162.66342969419742,-25.196162305802574
extra_trees,fold_3,404,H0405,2023-07-09,118.540631,132.89790153716166,14.357270537161654
extra_trees,fold_3,405,H0406,2024-06-12,125.974779,151.48544872858176,25.51066972858176
extra_trees,fold_1,409,H0410,2021-03-19,189.072061,173.62700430014758,-15.445056699852415
extra_trees,fold_2,410,H0411,2022-07-10,154.081179,166.0051414051941,11.923962405194118
extra_trees,fold_3,411,H0412,2023-07-28,136.491172,136.8049919953643,0.31381999536429817
extra_trees,fold_3,412,H0413,2024-01-21,113.519252,131.64624881612352,18.126996816123523
extra_trees,fold_3,413,H0414,2023-07-07,124.980555,138.5066489447539,13.526093944753896
extra_trees,fold_1,414,H0415,2020-08-21,192.431917,158.0966204620951,-34.335296537904895
extra_trees,fold_3,415,H0416,2024-01-21,115.203741,126.66447851201508,11.460737512015086
extra_trees,fold_2,418,H0419,2022-10-12,155.775204,134.73173570395485,-21.04346829604515
extra_trees,fold_3,420,H0421,2023-05-15,123.64581,134.01401988003337,10.368209880033376
extra_trees,fold_2,424,H0425,2022-07-14,126.998285,143.34157810231358,16.34329310231358
extra_trees,fold_1,426,H0427,2020-12-10,153.099936,134.89367655236182,-18.20625944763819
extra_trees,fold_2,427,H0428,2023-02-13,138.586693,137.26577715428178,-1.3209158457182184
extra_trees,fold_1,432,H0433,2020-09-28,116.458741,128.06105896536909,11.602317965369082
extra_trees,fold_2,435,H0436,2022-06-25,127.021477,119.96495555984839,-7.056521440151613
extra_trees,fold_3,438,H0439,2023-04-27,109.779947,121.4243597281761,11.644412728176093
extra_trees,fold_1,440,H0441,2020-10-08,133.583156,128.38953320793647,-5.193622792063536
extra_trees,fold_3,441,H0442,2024-04-24,127.138594,130.16335028589836,3.0247562858983628
extra_trees,fold_1,442,H0443,2021-01-31,110.844249,122.18802626269041,11.34377726269041
extra_trees,fold_2,444,H0445,2022-01-13,129.391394,131.2942062522189,1.9028122522189221
extra_trees,fold_3,446,H0447,2024-07-11,141.053611,152.3977839323621,11.344172932362113
extra_trees,fold_1,447,H0448,2020-07-07,225.413883,169.94533062945027,-55.46855237054973
extra_trees,fold_2,449,H0450,2022-10-03,155.87706,166.92185046981186,11.044790469811858
extra_trees,fold_3,451,H0452,2024-04-28,111.612226,118.61961263196885,7.007386631968842
extra_trees,fold_1,452,H0453,2020-10-23,149.672141,120.26634240001701,-29.405798599983
extra_trees,fold_2,456,H0457,2022-06-21,138.478522,132.83553342585,-5.642988574149996
extra_trees,fold_3,457,H0458,2023-07-06,191.454009,162.2153318774737,-29.238677122526326
extra_trees,fold_3,458,H0459,2023-11-24,151.759356,157.12041168675,5.3610556867500065
extra_trees,fold_1,461,H0462,2020-12-26,199.194383,182.4918285003952,-16.702554499604787
extra_trees,fold_3,465,H0466,2023-10-10,157.778394,163.5427623404094,5.764368340409419
extra_trees,fold_2,466,H0467,2022-11-14,137.648167,134.10072426484925,-3.547442735150753
extra_trees,fold_1,468,H0469,2020-07-16,134.688036,123.64751040972375,-11.04052559027626
extra_trees,fold_3,471,H0472,2024-05-24,156.637781,162.81545058039993,6.177669580399936
extra_trees,fold_3,472,H0473,2023-08-07,169.47359,178.6227930363755,9.149203036375496
extra_trees,fold_3,473,H0474,2023-09-19,177.087355,160.3303911328856,-16.756963867114393
extra_trees,fold_1,474,H0475,2021-06-01,138.489522,146.06752193497854,7.57799993497855
extra_trees,fold_1,475,H0476,2020-12-05,150.998391,160.52340027897122,9.525009278971226
extra_trees,fold_3,476,H0477,2023-03-21,143.872059,164.27300490569203,20.400945905692026
extra_trees,fold_3,482,H0483,2023-07-10,154.414356,161.17893157195158,6.764575571951582
extra_trees,fold_1,485,H0486,2021-02-25,159.040022,165.2118229415048,6.171800941504813
extra_trees,fold_2,486,H0487,2022-11-20,144.319948,150.0822788952637,5.762330895263688
extra_trees,fold_3,488,H0489,2024-04-07,172.821716,159.59214686164916,-13.229569138350854
extra_trees,fold_3,490,H0491,2023-04-28,148.347794,157.11558759978905,8.767793599789059
extra_trees,fold_2,493,H0494,2022-05-19,129.701953,133.80634009935,4.104387099349992
extra_trees,fold_2,494,H0495,2022-05-15,118.781653,127.10048879179286,8.31883579179285
extra_trees,fold_3,495,H0496,2024-07-14,131.922512,145.56935649917062,13.646844499170612
extra_trees,fold_3,497,H0498,2023-12-13,151.566632,153.90748012605638,2.340848126056386
extra_trees,fold_1,498,H0499,2021-09-28,132.844566,120.98245006711025,-11.862115932889736
extra_trees,fold_1,502,H0503,2020-11-11,141.482493,133.42350146978893,-8.058991530211074
extra_trees,fold_2,505,H0506,2022-11-19,159.052446,138.11437231741434,-20.938073682585667
extra_trees,fold_3,506,H0507,2023-11-18,185.751791,168.8770487787444,-16.874742221255588
extra_trees,fold_3,508,H0509,2024-05-18,152.629763,154.66963579485738,2.039872794857388
extra_trees,fold_2,509,H0510,2022-09-19,192.69365,155.32217023284832,-37.37147976715167
extra_trees,fold_1,511,H0512,2021-06-21,173.589992,155.205312989339,-18.38467901066099
extra_trees,fold_3,512,H0513,2023-11-21,153.041636,159.40919873695162,6.367562736951612
extra_trees,fold_1,513,H0514,2021-09-16,112.790986,137.69248171472873,24.901495714728725
extra_trees,fold_1,514,H0515,2020-11-30,187.923029,170.0421837993031,-17.88084520069691
extra_trees,fold_1,515,H0516,2021-03-05,142.986507,136.9285809725024,-6.057926027497587
extra_trees,fold_1,522,H0523,2020-05-11,165.210453,125.38787689068319,-39.82257610931681
extra_trees,fold_2,523,H0524,2022-10-20,98.2832,124.1363280022023,25.85312800220231
extra_trees,fold_2,524,H0525,2022-10-14,134.240011,129.71060847929277,-4.529402520707237
extra_trees,fold_3,525,H0526,2024-02-29,148.711613,132.6069513274597,-16.10466167254029
extra_trees,fold_1,527,H0528,2021-04-04,158.814774,166.33302404488973,7.518250044889726
extra_trees,fold_3,528,H0529,2024-02-03,147.160487,151.552602656312,4.392115656312001
extra_trees,fold_2,529,H0530,2022-04-14,147.82961,150.5628162342381,2.7332062342381107
extra_trees,fold_2,531,H0532,2021-12-17,158.298771,164.15457428855538,5.855803288555393
extra_trees,fold_3,533,H0534,2024-01-07,130.818441,140.58482660206425,9.766385602064247
extra_trees,fold_2,535,H0536,2023-02-20,194.675283,174.20001066453895,-20.475272335461057
extra_trees,fold_2,540,H0541,2022-08-25,141.057172,132.54370292304444,-8.513469076955573
extra_trees,fold_1,541,H0542,2021-03-28,153.42246,140.16695981297147,-13.255500187028531
extra_trees,fold_1,543,H0544,2021-07-26,139.363503,136.6672985095093,-2.6962044904907145
extra_trees,fold_3,545,H0546,2023-11-30,129.121245,130.69065102459146,1.5694060245914727
extra_trees,fold_3,546,H0547,2024-01-06,112.029962,128.4529904814451,16.423028481445115
extra_trees,fold_1,549,H0550,2021-01-01,147.165366,144.58107019716672,-2.5842958028332816
extra_trees,fold_3,552,H0553,2024-02-25,154.843412,142.76989782900478,-12.073514170995225
extra_trees,fold_3,553,H0554,2024-04-14,130.773201,120.97380820486214,-9.799392795137862
extra_trees,fold_1,556,H0557,2020-12-07,130.158219,131.54516920326586,1.3869502032658545
extra_trees,fold_3,558,H0559,2024-01-16,121.482374,134.5760967319133,13.093722731913317
extra_trees,fold_2,559,H0560,2022-07-03,164.313743,163.98565872806637,-0.3280842719336192
extra_trees,fold_2,561,H0562,2021-11-22,136.948025,149.77028746993108,12.822262469931076
extra_trees,fold_2,562,H0563,2023-01-16,130.480645,130.38285709563888,-0.09778790436112672
extra_trees,fold_1,566,H0567,2020-12-03,121.54532,130.59937812759202,9.054058127592015
extra_trees,fold_1,567,H0568,2021-03-28,128.414645,127.41108640354994,-1.0035585964500626
extra_trees,fold_3,569,H0570,2024-02-23,139.712011,124.15734433271895,-15.55466666728104
extra_trees,fold_2,573,H0574,2022-12-12,203.732706,168.02829421745616,-35.70441178254384
extra_trees,fold_2,575,H0576,2021-11-08,106.693541,126.20696133649518,19.513420336495187
extra_trees,fold_3,578,H0579,2023-03-02,185.402319,175.68408482775402,-9.718234172245985
extra_trees,fold_3,579,H0580,2023-11-18,152.297587,165.66751187912607,13.369924879126074
extra_trees,fold_1,581,H0582,2021-09-15,203.028468,159.52651299571892,-43.501955004281086
extra_trees,fold_2,582,H0583,2022-03-31,116.771074,123.0373966592809,6.2663226592809025
extra_trees,fold_2,583,H0584,2022-04-14,125.65067,123.0373966592809,-2.613273340719104
extra_trees,fold_2,584,H0585,2022-04-26,119.708128,147.6661773287666,27.95804932876659
extra_trees,fold_3,586,H0587,2024-06-17,124.615442,139.12366365250708,14.508221652507075
extra_trees,fold_2,588,H0589,2022-02-16,130.719169,130.5757470007357,-0.1434219992642909
extra_trees,fold_1,589,H0590,2020-12-19,106.175706,141.24074786716577,35.06504186716576
extra_trees,fold_2,591,H0592,2022-10-24,131.682477,126.53277334405013,-5.149703655949878
extra_trees,fold_1,592,H0593,2020-12-22,179.727125,158.8256468733371,-20.90147812666291
extra_trees,fold_3,597,H0598,2023-06-26,127.387591,154.8711820528332,27.483591052833205
extra_trees,fold_2,598,H0599,2021-11-26,194.0406,180.07799878325474,-13.96260121674527
extra_trees,fold_3,599,H0600,2024-02-06,151.330618,155.67400590452542,4.343387904525429
extra_trees,fold_1,601,H0602,2021-01-14,127.706965,123.56912371586252,-4.13784128413748
extra_trees,fold_1,602,H0603,2020-06-26,125.244514,134.74972038026263,9.505206380262635
extra_trees,fold_2,605,H0606,2022-06-06,105.020449,124.67558581185473,19.65513681185473
extra_trees,fold_2,606,H0607,2021-11-02,107.224936,130.09699179855465,22.872055798554655
extra_trees,fold_2,608,H0609,2022-09-22,166.190016,166.66319680250598,0.47318080250596495
extra_trees,fold_3,609,H0610,2024-01-31,134.959825,142.44864412617608,7.488819126176082
extra_trees,fold_2,610,H0611,2022-09-30,155.771214,173.9141367998954,18.142922799895416
extra_trees,fold_1,611,H0612,2021-01-11,132.029839,125.00788584195487,-7.021953158045136
extra_trees,fold_3,614,H0615,2024-03-17,136.116076,154.8895937642859,18.773517764285913
extra_trees,fold_3,617,H0618,2023-12-08,113.51782,133.08284413388486,19.56502413388486
extra_trees,fold_3,618,H0619,2024-04-15,140.841682,139.76203065796187,-1.0796513420381189
extra_trees,fold_1,627,H0628,2020-08-11,137.741162,128.41273011091891,-9.328431889081088
extra_trees,fold_1,628,H0629,2021-09-04,148.116188,130.46430992552072,-17.65187807447927
extra_trees,fold_2,629,H0630,2022-04-09,127.845275,138.05756225607857,10.212287256078568
extra_trees,fold_2,630,H0631,2023-02-04,170.199875,173.55345799618817,3.3535829961881802
extra_trees,fold_3,631,H0632,2023-04-08,167.415438,154.68187033313325,-12.733567666866747
extra_trees,fold_1,632,H0633,2020-06-06,175.249614,170.37070967884284,-4.878904321157165
extra_trees,fold_1,633,H0634,2021-04-26,184.516947,163.33576517991196,-21.181181820088028
extra_trees,fold_3,635,H0636,2024-05-27,119.449952,136.3523803486174,16.902428348617406
extra_trees,fold_2,637,H0638,2022-11-11,172.114066,143.8095854020375,-28.30448059796251
extra_trees,fold_1,638,H0639,2020-08-19,137.019615,159.53775270690215,22.518137706902166
extra_trees,fold_1,639,H0640,2021-06-30,125.55018,121.7620266888521,-3.7881533111478944
extra_trees,fold_1,640,H0641,2020-08-04,116.601689,128.62286831606025,12.021179316060255
extra_trees,fold_2,644,H0645,2021-11-04,176.233289,149.48558344095255,-26.74770555904746
extra_trees,fold_3,645,H0646,2024-04-04,110.775019,126.96464929524376,16.18963029524376
extra_trees,fold_1,646,H0647,2020-07-19,105.219867,115.0361799700764,9.81631297007641
extra_trees,fold_2,647,H0648,2021-11-23,153.192398,158.7294252526936,5.537027252693605
extra_trees,fold_1,649,H0650,2020-08-09,139.154641,127.04195622212137,-12.112684777878627
extra_trees,fold_1,650,H0651,2020-12-06,123.618484,122.47879367827579,-1.1396903217242027
extra_trees,fold_2,652,H0653,2022-03-17,123.690005,131.89119842987864,8.201193429878643
extra_trees,fold_3,653,H0654,2024-03-15,185.112735,179.80173164794994,-5.311003352050051
extra_trees,fold_2,654,H0655,2022-03-18,144.218166,127.53373098401353,-16.684435015986466
extra_trees,fold_3,655,H0656,2023-12-12,136.551085,164.8820937426445,28.331008742644514
extra_trees,fold_2,657,H0658,2021-10-03,171.519427,163.46964822345993,-8.04977877654008
extra_trees,fold_1,658,H0659,2021-05-23,168.35803,172.54444130499684,4.186411304996824
extra_trees,fold_3,662,H0663,2023-10-26,176.292889,162.9077860447665,-13.385102955233492
extra_trees,fold_1,663,H0664,2020-06-18,133.415695,134.8572127349206,1.441517734920609
extra_trees,fold_1,667,H0668,2021-03-06,100.724212,122.12416118260448,21.399949182604487
extra_trees,fold_1,668,H0669,2021-04-22,127.782479,125.05688523433057,-2.72559376566943
extra_trees,fold_3,672,H0673,2023-11-25,122.407017,128.69583828273718,6.288821282737189
extra_trees,fold_1,674,H0675,2021-02-09,155.038059,144.29383525363332,-10.744223746366686
extra_trees,fold_2,675,H0676,2022-07-30,127.871087,128.6919457827603,0.8208587827603111
extra_trees,fold_1,678,H0679,2021-02-21,119.815317,121.84410449983085,2.0287874998308553
extra_trees,fold_2,679,H0680,2022-11-07,183.255159,164.79125656055604,-18.463902439443956
extra_trees,fold_1,680,H0681,2021-08-18,153.60066,158.2702497891166,4.6695897891166
extra_trees,fold_2,681,H0682,2021-10-12,138.325289,135.13638299568737,-3.188906004312628
extra_trees,fold_2,683,H0684,2022-08-11,157.725541,129.37690294971898,-28.34863805028101
extra_trees,fold_2,684,H0685,2022-05-21,186.31524,166.28911395561033,-20.026126044389656
extra_trees,fold_1,685,H0686,2021-01-03,140.247781,125.95352587387374,-14.29425512612626
extra_trees,fold_2,686,H0687,2022-08-11,161.752058,151.3054996313992,-10.446558368600819
extra_trees,fold_1,688,H0689,2021-03-09,133.307227,127.22742557760878,-6.079801422391228
extra_trees,fold_2,690,H0691,2022-11-01,114.226275,133.19461945475453,18.96834445475453
extra_trees,fold_2,694,H0695,2022-10-16,131.568044,128.2698926132127,-3.298151386787282
extra_trees,fold_3,697,H0698,2024-05-31,126.422264,122.55897236050002,-3.863291639499977
extra_trees,fold_2,698,H0699,2022-06-25,139.432085,131.40702723944133,-8.025057760558667
extra_trees,fold_3,699,H0700,2024-07-21,196.190354,187.96954003873813,-8.220813961261882
hist_gradient_boosting,fold_1,3,H0004,2021-07-25,183.694985,176.5179755089593,-7.177009491040707
hist_gradient_boosting,fold_2,6,H0007,2022-09-24,129.480289,146.89090935381108,17.410620353811083
hist_gradient_boosting,fold_2,7,H0008,2023-01-11,121.154322,131.32989896909484,10.175576969094848
hist_gradient_boosting,fold_2,8,H0009,2022-06-06,139.293116,124.67559287967956,-14.617523120320442
hist_gradient_boosting,fold_1,11,H0012,2020-06-30,183.243903,172.81215668436244,-10.431746315637554
hist_gradient_boosting,fold_1,13,H0014,2020-09-07,170.796794,135.5189660092457,-35.277827990754304
hist_gradient_boosting,fold_3,15,H0016,2023-04-08,149.953225,173.72474600318884,23.771521003188838
hist_gradient_boosting,fold_3,17,H0018,2024-04-30,119.620279,140.52569979181456,20.905420791814564
hist_gradient_boosting,fold_1,18,H0019,2021-02-04,143.476193,159.69881972596377,16.222626725963778
hist_gradient_boosting,fold_1,19,H0020,2020-11-15,189.77568,165.6160246040927,-24.159655395907293
hist_gradient_boosting,fold_3,21,H0022,2023-04-29,160.716911,135.5274124854232,-25.189498514576798
hist_gradient_boosting,fold_1,23,H0024,2021-09-16,135.598247,142.78681796055932,7.188570960559332
hist_gradient_boosting,fold_3,25,H0026,2023-12-05,139.17006,154.1062253115253,14.936165311525286
hist_gradient_boosting,fold_2,27,H0028,2022-04-26,149.924119,124.6105471790015,-25.31357182099849
hist_gradient_boosting,fold_1,28,H0029,2020-07-10,162.864843,140.83168667979317,-22.033156320206842
hist_gradient_boosting,fold_1,29,H0030,2021-08-16,165.512334,172.05903519475874,6.546701194758725
hist_gradient_boosting,fold_2,30,H0031,2022-08-31,141.977017,128.41452960964244,-13.562487390357546
hist_gradient_boosting,fold_2,32,H0033,2022-07-28,147.233426,130.01937218593713,-17.21405381406288
hist_gradient_boosting,fold_2,34,H0035,2022-02-06,149.268617,134.47262137202307,-14.795995627976936
hist_gradient_boosting,fold_3,37,H0038,2024-07-13,141.669636,151.55202413678273,9.882388136782737
hist_gradient_boosting,fold_1,38,H0039,2020-09-30,119.664683,131.77018911512042,12.10550611512042
hist_gradient_boosting,fold_2,39,H0040,2022-02-22,159.589876,159.3179042377463,-0.2719717622537132
hist_gradient_boosting,fold_2,40,H0041,2022-03-17,131.270653,114.95081634384464,-16.319836656155374
hist_gradient_boosting,fold_3,42,H0043,2023-03-17,153.628101,173.71036588836577,20.082264888365785
hist_gradient_boosting,fold_1,44,H0045,2021-05-15,131.832096,134.25429007425154,2.4221940742515358
hist_gradient_boosting,fold_1,45,H0046,2020-11-15,127.350213,126.66759246391844,-0.6826205360815578
hist_gradient_boosting,fold_3,47,H0048,2024-06-13,208.649234,189.84499499894244,-18.804239001057567
hist_gradient_boosting,fold_1,48,H0049,2020-06-04,130.962653,172.59813096715015,41.635477967150166
hist_gradient_boosting,fold_2,49,H0050,2022-07-24,161.638,158.97864533576572,-2.659354664234286
hist_gradient_boosting,fold_1,50,H0051,2020-09-11,133.415175,161.36209979646782,27.946924796467812
hist_gradient_boosting,fold_3,51,H0052,2024-07-09,157.866639,137.23986791658544,-20.626771083414553
hist_gradient_boosting,fold_2,54,H0055,2023-01-22,119.47747,123.13266518516983,3.6551951851698306
hist_gradient_boosting,fold_1,55,H0056,2021-03-17,148.335177,121.46332151926309,-26.871855480736897
hist_gradient_boosting,fold_2,56,H0057,2022-09-22,126.902781,133.44200876310907,6.539227763109068
hist_gradient_boosting,fold_2,58,H0059,2022-04-15,136.78526,130.64092596303257,-6.144334036967422
hist_gradient_boosting,fold_1,60,H0061,2020-12-06,155.407423,144.58561660597485,-10.821806394025145
hist_gradient_boosting,fold_2,61,H0062,2023-02-23,156.473576,164.0153690920838,7.541793092083793
hist_gradient_boosting,fold_3,62,H0063,2024-07-15,123.259631,119.67953625151705,-3.5800947484829493
hist_gradient_boosting,fold_2,63,H0064,2022-05-11,134.103334,124.75182756957292,-9.351506430427065
hist_gradient_boosting,fold_1,65,H0066,2020-08-29,200.898625,158.19484603236012,-42.70377896763989
hist_gradient_boosting,fold_2,67,H0068,2022-09-19,118.917863,126.6395194663073,7.721656466307309
hist_gradient_boosting,fold_2,71,H0072,2022-08-09,139.641015,165.67964974363116,26.03863474363115
hist_gradient_boosting,fold_1,75,H0076,2021-05-26,141.137948,136.52746311310494,-4.610484886895051
hist_gradient_boosting,fold_3,78,H0079,2023-12-12,118.615149,127.13808263490749,8.522933634907488
hist_gradient_boosting,fold_2,79,H0080,2023-01-02,194.38275,184.31918181828496,-10.063568181715027
hist_gradient_boosting,fold_1,80,H0081,2021-07-01,126.998558,144.67335264396897,17.674794643968966
hist_gradient_boosting,fold_3,81,H0082,2023-03-27,143.154096,140.1070845981027,-3.047011401897322
hist_gradient_boosting,fold_2,84,H0085,2023-01-12,143.052677,127.9705165592675,-15.082160440732494
hist_gradient_boosting,fold_3,87,H0088,2023-11-15,176.139532,172.7938099035308,-3.3457220964691885
hist_gradient_boosting,fold_3,88,H0089,2023-04-30,146.723595,127.13784540254265,-19.585749597457337
hist_gradient_boosting,fold_1,89,H0090,2021-08-13,144.581428,181.74551426917463,37.164086269174646
hist_gradient_boosting,fold_2,90,H0091,2021-10-20,142.905141,166.78868496402018,23.88354396402019
hist_gradient_boosting,fold_2,91,H0092,2023-01-13,149.994928,158.15073205128712,8.155804051287134
hist_gradient_boosting,fold_3,92,H0093,2024-02-08,165.295584,163.47797560619236,-1.8176083938076317
hist_gradient_boosting,fold_1,93,H0094,2021-04-23,156.65485,142.67557273820987,-13.979277261790145
hist_gradient_boosting,fold_3,96,H0097,2024-01-11,126.645387,136.47203660083,9.826649600829995
hist_gradient_boosting,fold_1,98,H0099,2021-07-14,130.193525,129.26865401228676,-0.9248709877132342
hist_gradient_boosting,fold_2,100,H0101,2022-01-18,172.812894,147.7449052040139,-25.06798879598611
hist_gradient_boosting,fold_1,101,H0102,2020-05-24,121.660846,130.15238852778646,8.49154252778645
hist_gradient_boosting,fold_3,103,H0104,2024-06-03,140.94746,145.32825494144578,4.380794941445771
hist_gradient_boosting,fold_3,104,H0105,2023-09-25,137.547889,121.86589255034596,-15.681996449654036
hist_gradient_boosting,fold_3,105,H0106,2023-04-01,149.56439,137.0726525217942,-12.491737478205806
hist_gradient_boosting,fold_3,106,H0107,2024-01-09,141.316391,160.22357252712428,18.907181527124266
hist_gradient_boosting,fold_2,107,H0108,2022-04-06,118.277004,123.7871595263432,5.510155526343198
hist_gradient_boosting,fold_3,111,H0112,2023-03-06,172.74858,176.75280451929737,4.004224519297367
hist_gradient_boosting,fold_3,113,H0114,2024-01-24,124.20688,138.29216096235535,14.085280962355355
hist_gradient_boosting,fold_3,114,H0115,2023-12-04,168.008939,167.30461542146472,-0.7043235785352806
hist_gradient_boosting,fold_1,118,H0119,2020-09-24,179.01803,161.8123500414963,-17.20567995850371
hist_gradient_boosting,fold_3,124,H0125,2024-05-02,160.430043,152.81095108607238,-7.619091913927633
hist_gradient_boosting,fold_3,127,H0128,2023-05-28,129.687754,126.47406599935329,-3.2136880006467266
hist_gradient_boosting,fold_3,128,H0129,2023-07-03,197.070001,176.27568931156836,-20.794311688431634
hist_gradient_boosting,fold_3,130,H0131,2023-03-30,167.00117,133.42478416377355,-33.57638583622645
hist_gradient_boosting,fold_3,131,H0132,2023-04-26,141.788244,128.2323317830906,-13.555912216909405
hist_gradient_boosting,fold_3,132,H0133,2024-03-03,169.085419,174.19547240901298,5.110053409012977
hist_gradient_boosting,fold_1,133,H0134,2021-05-09,110.674359,134.4005100294297,23.726151029429715
hist_gradient_boosting,fold_2,135,H0136,2022-12-31,154.011252,127.14985358912843,-26.861398410871587
hist_gradient_boosting,fold_1,140,H0141,2020-06-11,173.632595,158.5184058945891,-15.114189105410901
hist_gradient_boosting,fold_1,141,H0142,2021-03-05,132.750505,124.16695037229883,-8.583554627701176
hist_gradient_boosting,fold_3,144,H0145,2023-04-16,167.175082,164.6484169485886,-2.5266650514114133
hist_gradient_boosting,fold_1,145,H0146,2020-10-20,111.858898,129.0382838586413,17.17938585864131
hist_gradient_boosting,fold_1,147,H0148,2020-12-13,140.570607,128.91512914328158,-11.65547785671842
hist_gradient_boosting,fold_3,148,H0149,2023-04-19,162.084136,155.54665687210047,-6.53747912789953
hist_gradient_boosting,fold_3,149,H0150,2023-05-19,125.460151,123.64665192377532,-1.813499076224673
hist_gradient_boosting,fold_1,152,H0153,2021-06-07,183.667784,175.79785594692697,-7.869928053073039
hist_gradient_boosting,fold_1,154,H0155,2020-09-23,122.203993,127.73352374591651,5.529530745916517
hist_gradient_boosting,fold_1,156,H0157,2020-11-27,143.670765,135.05389238785895,-8.616872612141037
hist_gradient_boosting,fold_1,157,H0158,2021-05-06,186.291265,169.74546299220543,-16.545802007794578
hist_gradient_boosting,fold_3,158,H0159,2024-05-09,173.98285,150.88806290259572,-23.094787097404293
hist_gradient_boosting,fold_2,159,H0160,2022-12-23,147.096345,159.84190287441777,12.745557874417756
hist_gradient_boosting,fold_3,162,H0163,2024-07-10,153.805134,161.96856689679387,8.163432896793864
hist_gradient_boosting,fold_1,165,H0166,2020-11-10,140.48468,157.96175549966034,17.477075499660344
hist_gradient_boosting,fold_3,167,H0168,2023-10-16,107.402665,128.86151596944026,21.458850969440263
hist_gradient_boosting,fold_3,172,H0173,2023-04-20,151.026066,171.39247884709462,20.366412847094637
hist_gradient_boosting,fold_2,176,H0177,2023-02-22,133.161928,137.65080284630145,4.4888748463014565
hist_gradient_boosting,fold_3,177,H0178,2024-01-30,144.932831,156.55237764780443,11.619546647804441
hist_gradient_boosting,fold_2,178,H0179,2022-10-29,114.748879,133.15492249458936,18.406043494589355
hist_gradient_boosting,fold_3,179,H0180,2024-01-18,101.212102,124.52975628070452,23.317654280704517
hist_gradient_boosting,fold_3,180,H0181,2024-05-24,201.412845,173.82007631339124,-27.592768686608764
hist_gradient_boosting,fold_3,181,H0182,2023-08-16,139.8981,143.57774889272352,3.6796488927235202
hist_gradient_boosting,fold_1,182,H0183,2021-03-14,145.242497,130.77502835044103,-14.467468649558953
hist_gradient_boosting,fold_3,183,H0184,2023-06-07,134.304233,142.92546249597254,8.621229495972528
hist_gradient_boosting,fold_3,184,H0185,2024-06-18,97.696023,127.78808852025892,30.092065520258927
hist_gradient_boosting,fold_1,185,H0186,2020-08-24,145.542835,150.01549330200248,4.472658302002486
hist_gradient_boosting,fold_2,186,H0187,2021-12-19,139.479896,128.62608675754177,-10.853809242458226
hist_gradient_boosting,fold_1,191,H0192,2020-05-31,160.005412,136.92979883087153,-23.075613169128474
hist_gradient_boosting,fold_2,193,H0194,2022-02-24,119.995948,127.59328042888234,7.597332428882339
hist_gradient_boosting,fold_1,195,H0196,2021-05-10,150.308825,175.56774278182655,25.25891778182654
hist_gradient_boosting,fold_1,200,H0201,2020-10-06,133.889569,146.02098520271744,12.131416202717446
hist_gradient_boosting,fold_2,201,H0202,2021-10-28,136.016116,148.2061874563616,12.19007145636158
hist_gradient_boosting,fold_3,203,H0204,2023-03-21,117.706484,123.15219286188527,5.445708861885265
hist_gradient_boosting,fold_1,204,H0205,2021-06-10,154.76783,119.68918013661795,-35.078649863382054
hist_gradient_boosting,fold_2,205,H0206,2022-07-05,126.325033,139.08339594638366,12.758362946383656
hist_gradient_boosting,fold_3,212,H0213,2024-06-29,156.576933,137.56082216970603,-19.016110830293968
hist_gradient_boosting,fold_2,213,H0214,2022-02-26,114.53955,133.9812216480986,19.44167164809859
hist_gradient_boosting,fold_3,223,H0224,2023-11-19,135.693147,129.6853965272897,-6.007750472710313
hist_gradient_boosting,fold_2,224,H0225,2022-02-18,174.549441,160.2226576171489,-14.32678338285109
hist_gradient_boosting,fold_1,225,H0226,2021-07-04,112.989085,129.26546256558038,16.276377565580376
hist_gradient_boosting,fold_2,226,H0227,2022-05-11,193.324715,186.08884205020138,-7.235872949798619
hist_gradient_boosting,fold_3,227,H0228,2024-04-30,183.682726,180.8352301311312,-2.847495868868805
hist_gradient_boosting,fold_2,231,H0232,2022-12-15,167.916254,169.09723897658262,1.1809849765826073
hist_gradient_boosting,fold_2,233,H0234,2021-12-20,139.267142,138.8372445372276,-0.42989746277240215
hist_gradient_boosting,fold_3,234,H0235,2023-06-09,152.7288,144.5717722502053,-8.157027749794707
hist_gradient_boosting,fold_1,241,H0242,2021-06-21,185.812781,162.04637782693942,-23.76640317306058
hist_gradient_boosting,fold_1,245,H0246,2021-04-19,174.226941,176.84844758608537,2.62150658608536
hist_gradient_boosting,fold_2,247,H0248,2023-02-04,164.707407,172.41101399363117,7.703606993631183
hist_gradient_boosting,fold_2,248,H0249,2022-08-29,150.087325,166.63086998006753,16.543544980067537
hist_gradient_boosting,fold_2,250,H0251,2022-06-03,143.091883,139.40064139437712,-3.691241605622878
hist_gradient_boosting,fold_1,251,H0252,2021-03-30,129.746433,123.32623369840435,-6.420199301595645
hist_gradient_boosting,fold_3,252,H0253,2023-06-25,151.688584,165.60771473359668,13.919130733596688
hist_gradient_boosting,fold_2,253,H0254,2022-02-23,114.302566,146.99117371690295,32.68860771690295
hist_gradient_boosting,fold_3,254,H0255,2023-04-13,139.410331,131.85656969603377,-7.55376130396624
hist_gradient_boosting,fold_3,256,H0257,2023-06-11,139.839053,130.987569973587,-8.851483026413007
hist_gradient_boosting,fold_3,257,H0258,2024-02-21,147.756514,168.82564630634712,21.069132306347115
hist_gradient_boosting,fold_1,258,H0259,2020-11-30,156.933124,148.124145283157,-8.808978716843
hist_gradient_boosting,fold_3,259,H0260,2023-12-23,155.260785,163.4041428562654,8.143357856265396
hist_gradient_boosting,fold_3,263,H0264,2024-03-27,145.983842,131.83791048214076,-14.145931517859253
hist_gradient_boosting,fold_3,264,H0265,2024-04-18,127.011051,133.38672975491804,6.375678754918042
hist_gradient_boosting,fold_1,265,H0266,2021-09-05,122.86288,126.96054285821495,4.097662858214946
hist_gradient_boosting,fold_3,267,H0268,2024-01-27,171.422696,170.54705296265118,-0.8756430373488229
hist_gradient_boosting,fold_1,268,H0269,2021-09-22,170.583356,163.18639510067578,-7.3969608993242275
hist_gradient_boosting,fold_1,269,H0270,2020-07-23,186.790711,154.8549475802208,-31.935763419779192
hist_gradient_boosting,fold_3,271,H0272,2023-12-15,157.465107,165.82156243724185,8.356455437241863
hist_gradient_boosting,fold_2,272,H0273,2022-05-26,135.355501,129.75997461092842,-5.59552638907158
hist_gradient_boosting,fold_3,280,H0281,2024-01-23,142.301879,158.7655896160252,16.463710616025196
hist_gradient_boosting,fold_2,283,H0284,2022-03-06,125.253119,132.33138793872098,7.078268938720981
hist_gradient_boosting,fold_3,284,H0285,2023-07-14,223.773217,188.96367574557237,-34.809541254427614
hist_gradient_boosting,fold_1,285,H0286,2020-10-01,160.71384,141.6288288877007,-19.0850111122993
hist_gradient_boosting,fold_1,292,H0293,2020-08-04,106.954368,122.78574204825847,15.831374048258468
hist_gradient_boosting,fold_2,294,H0295,2023-02-23,121.350452,128.93739470474776,7.586942704747756
hist_gradient_boosting,fold_1,296,H0297,2021-04-29,166.830316,170.47299825496148,3.6426822549614712
hist_gradient_boosting,fold_1,297,H0298,2021-09-04,137.631178,145.67100401526835,8.039826015268346
hist_gradient_boosting,fold_3,301,H0302,2023-12-27,166.479026,164.94865807486764,-1.5303679251323672
hist_gradient_boosting,fold_3,304,H0305,2023-05-13,124.29625,126.6267194932757,2.3304694932757
hist_gradient_boosting,fold_2,308,H0309,2022-08-16,123.531393,136.0229935983046,12.4916005983046
hist_gradient_boosting,fold_3,311,H0312,2023-11-23,151.041177,157.28594197336872,6.244764973368717
hist_gradient_boosting,fold_3,315,H0316,2024-07-27,160.585395,180.5349818589556,19.9495868589556
hist_gradient_boosting,fold_3,316,H0317,2023-10-04,134.198625,135.86966810043126,1.6710431004312625
hist_gradient_boosting,fold_3,317,H0318,2024-06-22,110.68118,129.9615182779521,19.28033827795211
hist_gradient_boosting,fold_1,320,H0321,2021-03-09,139.845247,126.7279063502101,-13.117340649789895
hist_gradient_boosting,fold_1,321,H0322,2020-05-26,123.318123,142.9368770525733,19.618754052573294
hist_gradient_boosting,fold_1,324,H0325,2021-01-12,137.021914,144.82057873927522,7.79866473927521
hist_gradient_boosting,fold_1,325,H0326,2021-09-17,142.364009,146.7358369778108,4.371827977810796
hist_gradient_boosting,fold_3,329,H0330,2024-06-29,166.197665,172.53157386664992,6.333908866649921
hist_gradient_boosting,fold_3,330,H0331,2023-05-06,139.111444,125.21110961129725,-13.90033438870276
hist_gradient_boosting,fold_2,331,H0332,2022-03-23,125.943393,124.94056512226992,-1.002827877730084
hist_gradient_boosting,fold_2,332,H0333,2023-01-04,134.615772,150.28624176515112,15.670469765151125
hist_gradient_boosting,fold_3,333,H0334,2023-10-13,164.715736,135.10236316453668,-29.61337283546331
hist_gradient_boosting,fold_1,335,H0336,2021-09-21,145.075279,165.82166047031123,20.746381470311235
hist_gradient_boosting,fold_2,336,H0337,2021-10-17,151.798498,169.30725123651268,17.50875323651269
hist_gradient_boosting,fold_1,339,H0340,2021-09-03,164.852885,140.23141362700136,-24.621471372998627
hist_gradient_boosting,fold_1,340,H0341,2020-09-06,150.579586,139.0775675982294,-11.502018401770613
hist_gradient_boosting,fold_1,342,H0343,2020-07-31,107.806693,147.0781013326247,39.2714083326247
hist_gradient_boosting,fold_3,343,H0344,2023-09-10,132.123547,130.67954083077868,-1.4440061692213249
hist_gradient_boosting,fold_2,344,H0345,2022-10-07,93.963404,137.7557602800218,43.79235628002181
hist_gradient_boosting,fold_1,347,H0348,2020-09-25,170.113589,176.21192533506368,6.098336335063692
hist_gradient_boosting,fold_2,348,H0349,2022-06-09,158.525099,172.21285120822847,13.68775220822846
hist_gradient_boosting,fold_2,350,H0351,2023-02-12,129.68708,131.01438332733971,1.3273033273397061
hist_gradient_boosting,fold_3,351,H0352,2024-01-04,134.163869,137.6788064530499,3.514937453049896
hist_gradient_boosting,fold_3,353,H0354,2023-09-30,160.106154,146.68956322763378,-13.41659077236622
hist_gradient_boosting,fold_1,355,H0356,2020-05-07,170.691275,166.33160958748812,-4.359665412511873
hist_gradient_boosting,fold_3,356,H0357,2023-07-29,113.792679,129.90606215855996,16.113383158559955
hist_gradient_boosting,fold_3,360,H0361,2023-04-15,196.456808,177.7239549218265,-18.73285307817349
hist_gradient_boosting,fold_2,361,H0362,2022-03-07,134.690669,169.09723897658262,34.4065699765826
hist_gradient_boosting,fold_1,363,H0364,2021-09-15,124.763049,120.59652760650309,-4.166521393496907
hist_gradient_boosting,fold_3,365,H0366,2024-07-14,162.447747,162.18744366327005,-0.26030333672994743
hist_gradient_boosting,fold_1,367,H0368,2021-07-22,108.146926,149.23517963675127,41.088253636751276
hist_gradient_boosting,fold_3,368,H0369,2023-08-26,155.222482,165.25360518452328,10.031123184523267
hist_gradient_boosting,fold_2,371,H0372,2022-05-19,145.14254,127.92595766538555,-17.216582334614444
hist_gradient_boosting,fold_2,372,H0373,2022-01-27,176.808131,172.83236050349282,-3.975770496507181
hist_gradient_boosting,fold_1,373,H0374,2020-06-06,127.389307,136.25233110145456,8.863024101454556
hist_gradient_boosting,fold_1,374,H0375,2021-06-29,139.362192,134.6095523938154,-4.7526396061846015
hist_gradient_boosting,fold_3,377,H0378,2024-05-09,205.849381,181.56466254649865,-24.28471845350134
hist_gradient_boosting,fold_1,379,H0380,2020-05-16,172.945798,173.45757667015224,0.5117786701522391
hist_gradient_boosting,fold_3,383,H0384,2023-12-16,138.844458,135.02138876504836,-3.823069234951646
hist_gradient_boosting,fold_2,386,H0387,2022-08-18,170.651731,173.0632847227857,2.4115537227856976
hist_gradient_boosting,fold_3,389,H0390,2023-04-17,154.021642,161.69567676347182,7.674034763471809
hist_gradient_boosting,fold_1,393,H0394,2021-08-15,111.578597,127.97615611974221,16.397559119742212
hist_gradient_boosting,fold_1,395,H0396,2020-05-16,178.725791,165.91273703722584,-12.813053962774148
hist_gradient_boosting,fold_1,396,H0397,2020-07-02,144.371266,140.62740189102297,-3.7438641089770215
hist_gradient_boosting,fold_3,397,H0398,2023-11-09,114.609569,124.58693205103506,9.97736305103507
hist_gradient_boosting,fold_1,398,H0399,2021-01-03,171.095287,175.49606413735194,4.400777137351923
hist_gradient_boosting,fold_2,399,H0400,2021-11-05,153.707065,141.4796447285739,-12.227420271426098
hist_gradient_boosting,fold_2,400,H0401,2023-02-10,142.038459,136.09418325234606,-5.944275747653933
hist_gradient_boosting,fold_3,401,H0402,2023-06-16,159.729596,178.1223669154952,18.39277091549522
hist_gradient_boosting,fold_3,403,H0404,2023-08-07,187.859592,165.8878840342372,-21.97170796576279
hist_gradient_boosting,fold_3,404,H0405,2023-07-09,118.540631,130.0347667371543,11.49413573715431
hist_gradient_boosting,fold_3,405,H0406,2024-06-12,125.974779,146.07299574195048,20.09821674195048
hist_gradient_boosting,fold_1,409,H0410,2021-03-19,189.072061,155.3725979634934,-33.699463036506586
hist_gradient_boosting,fold_2,410,H0411,2022-07-10,154.081179,161.18553521906173,7.104356219061742
hist_gradient_boosting,fold_3,411,H0412,2023-07-28,136.491172,138.16232365998783,1.671151659987828
hist_gradient_boosting,fold_3,412,H0413,2024-01-21,113.519252,127.32489037092535,13.805638370925351
hist_gradient_boosting,fold_3,413,H0414,2023-07-07,124.980555,134.24208328949186,9.261528289491864
hist_gradient_boosting,fold_1,414,H0415,2020-08-21,192.431917,158.2046433945834,-34.2272736054166
hist_gradient_boosting,fold_3,415,H0416,2024-01-21,115.203741,131.9107775241992,16.70703652419921
hist_gradient_boosting,fold_2,418,H0419,2022-10-12,155.775204,133.1946868375553,-22.580517162444693
hist_gradient_boosting,fold_3,420,H0421,2023-05-15,123.64581,132.55910108199083,8.913291081990835
hist_gradient_boosting,fold_2,424,H0425,2022-07-14,126.998285,143.87343896608064,16.875153966080646
hist_gradient_boosting,fold_1,426,H0427,2020-12-10,153.099936,136.59094419198843,-16.508991808011586
hist_gradient_boosting,fold_2,427,H0428,2023-02-13,138.586693,132.90814979204902,-5.67854320795098
hist_gradient_boosting,fold_1,432,H0433,2020-09-28,116.458741,123.11347973571866,6.654738735718652
hist_gradient_boosting,fold_2,435,H0436,2022-06-25,127.021477,116.00987214572773,-11.011604854272278
hist_gradient_boosting,fold_3,438,H0439,2023-04-27,109.779947,126.51489257685729,16.734945576857285
hist_gradient_boosting,fold_1,440,H0441,2020-10-08,133.583156,126.52188856052466,-7.061267439475344
hist_gradient_boosting,fold_3,441,H0442,2024-04-24,127.138594,130.2747835594722,3.1361895594722142
hist_gradient_boosting,fold_1,442,H0443,2021-01-31,110.844249,129.14442614547957,18.300177145479566
hist_gradient_boosting,fold_2,444,H0445,2022-01-13,129.391394,131.15135079909322,1.7599567990932314
hist_gradient_boosting,fold_3,446,H0447,2024-07-11,141.053611,162.01719192099821,20.963580920998226
hist_gradient_boosting,fold_1,447,H0448,2020-07-07,225.413883,161.57757068482303,-63.83631231517697
hist_gradient_boosting,fold_2,449,H0450,2022-10-03,155.87706,163.41898983940135,7.541929839401348
hist_gradient_boosting,fold_3,451,H0452,2024-04-28,111.612226,121.83443352918016,10.222207529180153
hist_gradient_boosting,fold_1,452,H0453,2020-10-23,149.672141,121.74437509437112,-27.92776590562889
hist_gradient_boosting,fold_2,456,H0457,2022-06-21,138.478522,136.94332510793328,-1.5351968920667218
hist_gradient_boosting,fold_3,457,H0458,2023-07-06,191.454009,167.0077197656823,-24.446289234317703
hist_gradient_boosting,fold_3,458,H0459,2023-11-24,151.759356,151.96577322256758,0.20641722256758044
hist_gradient_boosting,fold_1,461,H0462,2020-12-26,199.194383,174.8239147497515,-24.37046825024848
hist_gradient_boosting,fold_3,465,H0466,2023-10-10,157.778394,158.15808648299904,0.37969248299904734
hist_gradient_boosting,fold_2,466,H0467,2022-11-14,137.648167,127.49761093709898,-10.150556062901018
hist_gradient_boosting,fold_1,468,H0469,2020-07-16,134.688036,119.00545472405763,-15.682581275942383
hist_gradient_boosting,fold_3,471,H0472,2024-05-24,156.637781,158.21499708112208,1.5772160811220886
hist_gradient_boosting,fold_3,472,H0473,2023-08-07,169.47359,165.83734459526283,-3.636245404737167
hist_gradient_boosting,fold_3,473,H0474,2023-09-19,177.087355,157.74640981127095,-19.34094518872905
hist_gradient_boosting,fold_1,474,H0475,2021-06-01,138.489522,140.83168667979317,2.3421646797931714
hist_gradient_boosting,fold_1,475,H0476,2020-12-05,150.998391,154.5889202474481,3.590529247448103
hist_gradient_boosting,fold_3,476,H0477,2023-03-21,143.872059,159.64485516549576,15.772796165495748
hist_gradient_boosting,fold_3,482,H0483,2023-07-10,154.414356,168.09452709915143,13.680171099151437
hist_gradient_boosting,fold_1,485,H0486,2021-02-25,159.040022,171.76903229180203,12.729010291802041
hist_gradient_boosting,fold_2,486,H0487,2022-11-20,144.319948,150.94324394154623,6.623295941546218
hist_gradient_boosting,fold_3,488,H0489,2024-04-07,172.821716,156.19988161534053,-16.62183438465948
hist_gradient_boosting,fold_3,490,H0491,2023-04-28,148.347794,158.4950538071204,10.147259807120406
hist_gradient_boosting,fold_2,493,H0494,2022-05-19,129.701953,127.68234067045145,-2.0196123295485506
hist_gradient_boosting,fold_2,494,H0495,2022-05-15,118.781653,127.2514308677842,8.469777867784188
hist_gradient_boosting,fold_3,495,H0496,2024-07-14,131.922512,156.16441836714114,24.241906367141127
hist_gradient_boosting,fold_3,497,H0498,2023-12-13,151.566632,158.62627215016417,7.059640150164171
hist_gradient_boosting,fold_1,498,H0499,2021-09-28,132.844566,122.57115503199813,-10.273410968001855
hist_gradient_boosting,fold_1,502,H0503,2020-11-11,141.482493,133.53742282771339,-7.94507017228662
hist_gradient_boosting,fold_2,505,H0506,2022-11-19,159.052446,137.11985598534878,-21.932590014651225
hist_gradient_boosting,fold_3,506,H0507,2023-11-18,185.751791,174.04117234106326,-11.710618658936738
hist_gradient_boosting,fold_3,508,H0509,2024-05-18,152.629763,153.55153175893818,0.9217687589381853
hist_gradient_boosting,fold_2,509,H0510,2022-09-19,192.69365,152.2466408398887,-40.44700916011129
hist_gradient_boosting,fold_1,511,H0512,2021-06-21,173.589992,155.91799634569813,-17.671995654301867
hist_gradient_boosting,fold_3,512,H0513,2023-11-21,153.041636,159.85373144589403,6.812095445894016
hist_gradient_boosting,fold_1,513,H0514,2021-09-16,112.790986,137.71736991772994,24.926383917729936
hist_gradient_boosting,fold_1,514,H0515,2020-11-30,187.923029,156.74381904836778,-31.17920995163223
hist_gradient_boosting,fold_1,515,H0516,2021-03-05,142.986507,137.62457549233696,-5.36193150766303
hist_gradient_boosting,fold_1,522,H0523,2020-05-11,165.210453,127.80041447358006,-37.41003852641994
hist_gradient_boosting,fold_2,523,H0524,2022-10-20,98.2832,121.87241582075721,23.589215820757218
hist_gradient_boosting,fold_2,524,H0525,2022-10-14,134.240011,130.64092596303257,-3.5990850369674376
hist_gradient_boosting,fold_3,525,H0526,2024-02-29,148.711613,136.23271596638463,-12.478897033615368
hist_gradient_boosting,fold_1,527,H0528,2021-04-04,158.814774,172.47473236659846,13.65995836659846
hist_gradient_boosting,fold_3,528,H0529,2024-02-03,147.160487,156.629589967615,9.469102967615015
hist_gradient_boosting,fold_2,529,H0530,2022-04-14,147.82961,158.94407450903782,11.114464509037816
hist_gradient_boosting,fold_2,531,H0532,2021-12-17,158.298771,159.8832036285696,1.5844326285696013
hist_gradient_boosting,fold_3,533,H0534,2024-01-07,130.818441,142.54506214363215,11.726621143632144
hist_gradient_boosting,fold_2,535,H0536,2023-02-20,194.675283,172.6041912077992,-22.071091792200804
hist_gradient_boosting,fold_2,540,H0541,2022-08-25,141.057172,132.5394257173082,-8.517746282691803
hist_gradient_boosting,fold_1,541,H0542,2021-03-28,153.42246,137.964997688633,-15.45746231136701
hist_gradient_boosting,fold_1,543,H0544,2021-07-26,139.363503,134.25217729624302,-5.1113257037569895
hist_gradient_boosting,fold_3,545,H0546,2023-11-30,129.121245,127.89828563006688,-1.2229593699331076
hist_gradient_boosting,fold_3,546,H0547,2024-01-06,112.029962,131.21858347902673,19.188621479026736
hist_gradient_boosting,fold_1,549,H0550,2021-01-01,147.165366,147.1705285169318,0.005162516931790151
hist_gradient_boosting,fold_3,552,H0553,2024-02-25,154.843412,136.06015766245397,-18.783254337546026
hist_gradient_boosting,fold_3,553,H0554,2024-04-14,130.773201,121.09870461047304,-9.674496389526965
hist_gradient_boosting,fold_1,556,H0557,2020-12-07,130.158219,125.83102545582263,-4.327193544177376
hist_gradient_boosting,fold_3,558,H0559,2024-01-16,121.482374,132.5205519315177,11.038177931517708
hist_gradient_boosting,fold_2,559,H0560,2022-07-03,164.313743,175.00189895241382,10.688155952413837
hist_gradient_boosting,fold_2,561,H0562,2021-11-22,136.948025,150.72070399865177,13.77267899865177
hist_gradient_boosting,fold_2,562,H0563,2023-01-16,130.480645,133.2387048972417,2.7580598972416794
hist_gradient_boosting,fold_1,566,H0567,2020-12-03,121.54532,133.3051550066473,11.759835006647307
hist_gradient_boosting,fold_1,567,H0568,2021-03-28,128.414645,131.3670455910805,2.9524005910805045
hist_gradient_boosting,fold_3,569,H0570,2024-02-23,139.712011,128.32114451701966,-11.390866482980329
hist_gradient_boosting,fold_2,573,H0574,2022-12-12,203.732706,167.2786426936012,-36.45406330639881
hist_gradient_boosting,fold_2,575,H0576,2021-11-08,106.693541,122.50775361731718,15.814212617317182
hist_gradient_boosting,fold_3,578,H0579,2023-03-02,185.402319,173.43466108991097,-11.96765791008903
hist_gradient_boosting,fold_3,579,H0580,2023-11-18,152.297587,163.65495569362386,11.357368693623869
hist_gradient_boosting,fold_1,581,H0582,2021-09-15,203.028468,153.9108266047023,-49.11764139529771
hist_gradient_boosting,fold_2,582,H0583,2022-03-31,116.771074,115.55496376795912,-1.2161102320408759
hist_gradient_boosting,fold_2,583,H0584,2022-04-14,125.65067,115.55496376795912,-10.095706232040882
hist_gradient_boosting,fold_2,584,H0585,2022-04-26,119.708128,147.40350488636403,27.69537688636403
hist_gradient_boosting,fold_3,586,H0587,2024-06-17,124.615442,137.05412904503044,12.438687045030434
hist_gradient_boosting,fold_2,588,H0589,2022-02-16,130.719169,129.41857957205116,-1.300589427948836
hist_gradient_boosting,fold_1,589,H0590,2020-12-19,106.175706,144.88684208666155,38.71113608666154
hist_gradient_boosting,fold_2,591,H0592,2022-10-24,131.682477,127.54493068918937,-4.1375463108106345
hist_gradient_boosting,fold_1,592,H0593,2020-12-22,179.727125,154.88547853001873,-24.84164646998127
hist_gradient_boosting,fold_3,597,H0598,2023-06-26,127.387591,151.2100907716985,23.822499771698503
hist_gradient_boosting,fold_2,598,H0599,2021-11-26,194.0406,169.30312785989923,-24.737472140100778
hist_gradient_boosting,fold_3,599,H0600,2024-02-06,151.330618,146.79318128241272,-4.537436717587269
hist_gradient_boosting,fold_1,601,H0602,2021-01-14,127.706965,128.7735970372094,1.0666320372094162
hist_gradient_boosting,fold_1,602,H0603,2020-06-26,125.244514,130.30794976284503,5.063435762845032
hist_gradient_boosting,fold_2,605,H0606,2022-06-06,105.020449,126.33479589368783,21.314346893687826
hist_gradient_boosting,fold_2,606,H0607,2021-11-02,107.224936,125.79162518856528,18.566689188565277
hist_gradient_boosting,fold_2,608,H0609,2022-09-22,166.190016,167.35251650712897,1.1625005071289536
hist_gradient_boosting,fold_3,609,H0610,2024-01-31,134.959825,138.3153072160229,3.3554822160228923
hist_gradient_boosting,fold_2,610,H0611,2022-09-30,155.771214,172.32735557256493,16.55614157256494
hist_gradient_boosting,fold_1,611,H0612,2021-01-11,132.029839,123.42332168960304,-8.606517310396967
hist_gradient_boosting,fold_3,614,H0615,2024-03-17,136.116076,165.6678553230915,29.551779323091495
hist_gradient_boosting,fold_3,617,H0618,2023-12-08,113.51782,133.13173266581296,19.61391266581296
hist_gradient_boosting,fold_3,618,H0619,2024-04-15,140.841682,140.55963560795436,-0.2820463920456291
hist_gradient_boosting,fold_1,627,H0628,2020-08-11,137.741162,141.85602175659037,4.114859756590363
hist_gradient_boosting,fold_1,628,H0629,2021-09-04,148.116188,139.6483428421513,-8.4678451578487
hist_gradient_boosting,fold_2,629,H0630,2022-04-09,127.845275,138.42875129158577,10.583476291585768
hist_gradient_boosting,fold_2,630,H0631,2023-02-04,170.199875,171.93996923242454,1.7400942324245534
hist_gradient_boosting,fold_3,631,H0632,2023-04-08,167.415438,155.18511790885768,-12.230320091142318
hist_gradient_boosting,fold_1,632,H0633,2020-06-06,175.249614,174.73402985818387,-0.5155841418161344
hist_gradient_boosting,fold_1,633,H0634,2021-04-26,184.516947,172.5633418052429,-11.953605194757074
hist_gradient_boosting,fold_3,635,H0636,2024-05-27,119.449952,136.51583601313945,17.065884013139453
hist_gradient_boosting,fold_2,637,H0638,2022-11-11,172.114066,151.00530587292252,-21.10876012707749
hist_gradient_boosting,fold_1,638,H0639,2020-08-19,137.019615,133.63507530130866,-3.384539698691327
hist_gradient_boosting,fold_1,639,H0640,2021-06-30,125.55018,131.78216500321068,6.231985003210681
hist_gradient_boosting,fold_1,640,H0641,2020-08-04,116.601689,126.01606926001773,9.414380260017737
hist_gradient_boosting,fold_2,644,H0645,2021-11-04,176.233289,152.73274364595989,-23.500545354040128
hist_gradient_boosting,fold_3,645,H0646,2024-04-04,110.775019,130.0060747886896,19.231055788689602
hist_gradient_boosting,fold_1,646,H0647,2020-07-19,105.219867,116.97265597351361,11.752788973513617
hist_gradient_boosting,fold_2,647,H0648,2021-11-23,153.192398,158.80683794594805,5.61443994594805
hist_gradient_boosting,fold_1,649,H0650,2020-08-09,139.154641,123.35489250380104,-15.799748496198958
hist_gradient_boosting,fold_1,650,H0651,2020-12-06,123.618484,130.99572871420642,7.377244714206427
hist_gradient_boosting,fold_2,652,H0653,2022-03-17,123.690005,130.10733735612177,6.417332356121776
hist_gradient_boosting,fold_3,653,H0654,2024-03-15,185.112735,182.66170986903188,-2.4510251309681053
hist_gradient_boosting,fold_2,654,H0655,2022-03-18,144.218166,121.03506723889679,-23.18309876110321
hist_gradient_boosting,fold_3,655,H0656,2023-12-12,136.551085,164.6966001163929,28.145515116392886
hist_gradient_boosting,fold_2,657,H0658,2021-10-03,171.519427,162.95447367265916,-8.564953327340845
hist_gradient_boosting,fold_1,658,H0659,2021-05-23,168.35803,166.3528111003328,-2.005218899667227
hist_gradient_boosting,fold_3,662,H0663,2023-10-26,176.292889,155.55941422849583,-20.733474771504177
hist_gradient_boosting,fold_1,663,H0664,2020-06-18,133.415695,132.30483436226407,-1.1108606377359251
hist_gradient_boosting,fold_1,667,H0668,2021-03-06,100.724212,132.17872606455242,31.454514064552427
hist_gradient_boosting,fold_1,668,H0669,2021-04-22,127.782479,135.95338123995998,8.170902239959986
hist_gradient_boosting,fold_3,672,H0673,2023-11-25,122.407017,123.84438607505811,1.4373690750581147
hist_gradient_boosting,fold_1,674,H0675,2021-02-09,155.038059,142.40002524970959,-12.638033750290418
hist_gradient_boosting,fold_2,675,H0676,2022-07-30,127.871087,132.044334999463,4.173247999462987
hist_gradient_boosting,fold_1,678,H0679,2021-02-21,119.815317,123.80966742740878,3.99435042740879
hist_gradient_boosting,fold_2,679,H0680,2022-11-07,183.255159,166.88286090756026,-16.372298092439735
hist_gradient_boosting,fold_1,680,H0681,2021-08-18,153.60066,167.50430259134387,13.903642591343868
hist_gradient_boosting,fold_2,681,H0682,2021-10-12,138.325289,134.2173165732254,-4.107972426774609
hist_gradient_boosting,fold_2,683,H0684,2022-08-11,157.725541,125.19843410432755,-32.527106895672446
hist_gradient_boosting,fold_2,684,H0685,2022-05-21,186.31524,171.07696800897355,-15.238271991026437
hist_gradient_boosting,fold_1,685,H0686,2021-01-03,140.247781,124.37019002537403,-15.877590974625974
hist_gradient_boosting,fold_2,686,H0687,2022-08-11,161.752058,155.10829624759594,-6.64376175240406
hist_gradient_boosting,fold_1,688,H0689,2021-03-09,133.307227,121.56509315704493,-11.742133842955084
hist_gradient_boosting,fold_2,690,H0691,2022-11-01,114.226275,127.36941576095013,13.143140760950132
hist_gradient_boosting,fold_2,694,H0695,2022-10-16,131.568044,124.84167089925968,-6.726373100740304
hist_gradient_boosting,fold_3,697,H0698,2024-05-31,126.422264,121.80353684636846,-4.618727153631539
hist_gradient_boosting,fold_2,698,H0699,2022-06-25,139.432085,131.43725860003485,-7.994826399965149
hist_gradient_boosting,fold_3,699,H0700,2024-07-21,196.190354,184.4378002926652,-11.752553707334812
mean,fold_1,3,H0004,2021-07-25,183.694985,144.81936518686868,-38.87561981313132
mean,fold_2,6,H0007,2022-09-24,129.480289,145.695881175,16.215592175000012
mean,fold_2,7,H0008,2023-01-11,121.154322,145.695881175,24.541559175000017
mean,fold_2,8,H0009,2022-06-06,139.293116,145.695881175,6.402765175000013
mean,fold_1,11,H0012,2020-06-30,183.243903,144.81936518686868,-38.42453781313131
mean,fold_1,13,H0014,2020-09-07,170.796794,144.81936518686868,-25.977428813131326
mean,fold_3,15,H0016,2023-04-08,149.953225,145.14052439252336,-4.812700607476643
mean,fold_3,17,H0018,2024-04-30,119.620279,145.14052439252336,25.520245392523364
mean,fold_1,18,H0019,2021-02-04,143.476193,144.81936518686868,1.343172186868685
mean,fold_1,19,H0020,2020-11-15,189.77568,144.81936518686868,-44.956314813131314
mean,fold_3,21,H0022,2023-04-29,160.716911,145.14052439252336,-15.57638660747665
mean,fold_1,23,H0024,2021-09-16,135.598247,144.81936518686868,9.221118186868694
mean,fold_3,25,H0026,2023-12-05,139.17006,145.14052439252336,5.970464392523354
mean,fold_2,27,H0028,2022-04-26,149.924119,145.695881175,-4.2282378249999795
mean,fold_1,28,H0029,2020-07-10,162.864843,144.81936518686868,-18.045477813131328
mean,fold_1,29,H0030,2021-08-16,165.512334,144.81936518686868,-20.69296881313133
mean,fold_2,30,H0031,2022-08-31,141.977017,145.695881175,3.7188641750000215
mean,fold_2,32,H0033,2022-07-28,147.233426,145.695881175,-1.5375448249999977
mean,fold_2,34,H0035,2022-02-06,149.268617,145.695881175,-3.572735824999995
mean,fold_3,37,H0038,2024-07-13,141.669636,145.14052439252336,3.4708883925233636
mean,fold_1,38,H0039,2020-09-30,119.664683,144.81936518686868,25.154682186868683
mean,fold_2,39,H0040,2022-02-22,159.589876,145.695881175,-13.893994824999993
mean,fold_2,40,H0041,2022-03-17,131.270653,145.695881175,14.425228175
mean,fold_3,42,H0043,2023-03-17,153.628101,145.14052439252336,-8.487576607476626
mean,fold_1,44,H0045,2021-05-15,131.832096,144.81936518686868,12.987269186868673
mean,fold_1,45,H0046,2020-11-15,127.350213,144.81936518686868,17.469152186868683
mean,fold_3,47,H0048,2024-06-13,208.649234,145.14052439252336,-63.508709607476646
mean,fold_1,48,H0049,2020-06-04,130.962653,144.81936518686868,13.856712186868691
mean,fold_2,49,H0050,2022-07-24,161.638,145.695881175,-15.942118824999994
mean,fold_1,50,H0051,2020-09-11,133.415175,144.81936518686868,11.404190186868675
mean,fold_3,51,H0052,2024-07-09,157.866639,145.14052439252336,-12.726114607476632
mean,fold_2,54,H0055,2023-01-22,119.47747,145.695881175,26.218411175000014
mean,fold_1,55,H0056,2021-03-17,148.335177,144.81936518686868,-3.5158118131313074
mean,fold_2,56,H0057,2022-09-22,126.902781,145.695881175,18.793100175000006
mean,fold_2,58,H0059,2022-04-15,136.78526,145.695881175,8.910621175000017
mean,fold_1,60,H0061,2020-12-06,155.407423,144.81936518686868,-10.588057813131314
mean,fold_2,61,H0062,2023-02-23,156.473576,145.695881175,-10.777694824999998
mean,fold_3,62,H0063,2024-07-15,123.259631,145.14052439252336,21.88089339252336
mean,fold_2,63,H0064,2022-05-11,134.103334,145.695881175,11.592547175000021
mean,fold_1,65,H0066,2020-08-29,200.898625,144.81936518686868,-56.07925981313133
mean,fold_2,67,H0068,2022-09-19,118.917863,145.695881175,26.778018175000014
mean,fold_2,71,H0072,2022-08-09,139.641015,145.695881175,6.054866175000001
mean,fold_1,75,H0076,2021-05-26,141.137948,144.81936518686868,3.6814171868686856
mean,fold_3,78,H0079,2023-12-12,118.615149,145.14052439252336,26.525375392523358
mean,fold_2,79,H0080,2023-01-02,194.38275,145.695881175,-48.686868824999976
mean,fold_1,80,H0081,2021-07-01,126.998558,144.81936518686868,17.820807186868677
mean,fold_3,81,H0082,2023-03-27,143.154096,145.14052439252336,1.9864283925233508
mean,fold_2,84,H0085,2023-01-12,143.052677,145.695881175,2.6432041750000224
mean,fold_3,87,H0088,2023-11-15,176.139532,145.14052439252336,-30.999007607476642
mean,fold_3,88,H0089,2023-04-30,146.723595,145.14052439252336,-1.5830706074766283
mean,fold_1,89,H0090,2021-08-13,144.581428,144.81936518686868,0.2379371868686917
mean,fold_2,90,H0091,2021-10-20,142.905141,145.695881175,2.7907401750000247
mean,fold_2,91,H0092,2023-01-13,149.994928,145.695881175,-4.2990468249999765
mean,fold_3,92,H0093,2024-02-08,165.295584,145.14052439252336,-20.15505960747663
mean,fold_1,93,H0094,2021-04-23,156.65485,144.81936518686868,-11.83548481313133
mean,fold_3,96,H0097,2024-01-11,126.645387,145.14052439252336,18.49513739252336
mean,fold_1,98,H0099,2021-07-14,130.193525,144.81936518686868,14.625840186868686
mean,fold_2,100,H0101,2022-01-18,172.812894,145.695881175,-27.11701282499999
mean,fold_1,101,H0102,2020-05-24,121.660846,144.81936518686868,23.158519186868674
mean,fold_3,103,H0104,2024-06-03,140.94746,145.14052439252336,4.193064392523354
mean,fold_3,104,H0105,2023-09-25,137.547889,145.14052439252336,7.592635392523363
mean,fold_3,105,H0106,2023-04-01,149.56439,145.14052439252336,-4.4238656074766425
mean,fold_3,106,H0107,2024-01-09,141.316391,145.14052439252336,3.8241333925233505
mean,fold_2,107,H0108,2022-04-06,118.277004,145.695881175,27.418877175000006
mean,fold_3,111,H0112,2023-03-06,172.74858,145.14052439252336,-27.608055607476643
mean,fold_3,113,H0114,2024-01-24,124.20688,145.14052439252336,20.933644392523362
mean,fold_3,114,H0115,2023-12-04,168.008939,145.14052439252336,-22.868414607476637
mean,fold_1,118,H0119,2020-09-24,179.01803,144.81936518686868,-34.19866481313133
mean,fold_3,124,H0125,2024-05-02,160.430043,145.14052439252336,-15.289518607476651
mean,fold_3,127,H0128,2023-05-28,129.687754,145.14052439252336,15.452770392523348
mean,fold_3,128,H0129,2023-07-03,197.070001,145.14052439252336,-51.92947660747663
mean,fold_3,130,H0131,2023-03-30,167.00117,145.14052439252336,-21.86064560747664
mean,fold_3,131,H0132,2023-04-26,141.788244,145.14052439252336,3.352280392523369
mean,fold_3,132,H0133,2024-03-03,169.085419,145.14052439252336,-23.94489460747664
mean,fold_1,133,H0134,2021-05-09,110.674359,144.81936518686868,34.145006186868684
mean,fold_2,135,H0136,2022-12-31,154.011252,145.695881175,-8.315370825000002
mean,fold_1,140,H0141,2020-06-11,173.632595,144.81936518686868,-28.81322981313133
mean,fold_1,141,H0142,2021-03-05,132.750505,144.81936518686868,12.068860186868676
mean,fold_3,144,H0145,2023-04-16,167.175082,145.14052439252336,-22.034557607476643
mean,fold_1,145,H0146,2020-10-20,111.858898,144.81936518686868,32.960467186868684
mean,fold_1,147,H0148,2020-12-13,140.570607,144.81936518686868,4.248758186868685
mean,fold_3,148,H0149,2023-04-19,162.084136,145.14052439252336,-16.94361160747664
mean,fold_3,149,H0150,2023-05-19,125.460151,145.14052439252336,19.680373392523364
mean,fold_1,152,H0153,2021-06-07,183.667784,144.81936518686868,-38.84841881313133
mean,fold_1,154,H0155,2020-09-23,122.203993,144.81936518686868,22.615372186868683
mean,fold_1,156,H0157,2020-11-27,143.670765,144.81936518686868,1.1486001868686913
mean,fold_1,157,H0158,2021-05-06,186.291265,144.81936518686868,-41.47189981313133
mean,fold_3,158,H0159,2024-05-09,173.98285,145.14052439252336,-28.842325607476653
mean,fold_2,159,H0160,2022-12-23,147.096345,145.695881175,-1.4004638250000028
mean,fold_3,162,H0163,2024-07-10,153.805134,145.14052439252336,-8.664609607476649
mean,fold_1,165,H0166,2020-11-10,140.48468,144.81936518686868,4.334685186868683
mean,fold_3,167,H0168,2023-10-16,107.402665,145.14052439252336,37.73785939252336
mean,fold_3,172,H0173,2023-04-20,151.026066,145.14052439252336,-5.885541607476625
mean,fold_2,176,H0177,2023-02-22,133.161928,145.695881175,12.533953175000022
mean,fold_3,177,H0178,2024-01-30,144.932831,145.14052439252336,0.2076933925233675
mean,fold_2,178,H0179,2022-10-29,114.748879,145.695881175,30.94700217500001
mean,fold_3,179,H0180,2024-01-18,101.212102,145.14052439252336,43.92842239252336
mean,fold_3,180,H0181,2024-05-24,201.412845,145.14052439252336,-56.272320607476644
mean,fold_3,181,H0182,2023-08-16,139.8981,145.14052439252336,5.242424392523361
mean,fold_1,182,H0183,2021-03-14,145.242497,144.81936518686868,-0.423131813131306
mean,fold_3,183,H0184,2023-06-07,134.304233,145.14052439252336,10.83629139252335
mean,fold_3,184,H0185,2024-06-18,97.696023,145.14052439252336,47.444501392523364
mean,fold_1,185,H0186,2020-08-24,145.542835,144.81936518686868,-0.7234698131313166
mean,fold_2,186,H0187,2021-12-19,139.479896,145.695881175,6.215985175000014
mean,fold_1,191,H0192,2020-05-31,160.005412,144.81936518686868,-15.186046813131327
mean,fold_2,193,H0194,2022-02-24,119.995948,145.695881175,25.699933175000012
mean,fold_1,195,H0196,2021-05-10,150.308825,144.81936518686868,-5.489459813131333
mean,fold_1,200,H0201,2020-10-06,133.889569,144.81936518686868,10.929796186868685
mean,fold_2,201,H0202,2021-10-28,136.016116,145.695881175,9.679765175
mean,fold_3,203,H0204,2023-03-21,117.706484,145.14052439252336,27.434040392523357
mean,fold_1,204,H0205,2021-06-10,154.76783,144.81936518686868,-9.948464813131324
mean,fold_2,205,H0206,2022-07-05,126.325033,145.695881175,19.370848175000006
mean,fold_3,212,H0213,2024-06-29,156.576933,145.14052439252336,-11.436408607476636
mean,fold_2,213,H0214,2022-02-26,114.53955,145.695881175,31.156331175000005
mean,fold_3,223,H0224,2023-11-19,135.693147,145.14052439252336,9.44737739252335
mean,fold_2,224,H0225,2022-02-18,174.549441,145.695881175,-28.85355982499999
mean,fold_1,225,H0226,2021-07-04,112.989085,144.81936518686868,31.830280186868677
mean,fold_2,226,H0227,2022-05-11,193.324715,145.695881175,-47.62883382499999
mean,fold_3,227,H0228,2024-04-30,183.682726,145.14052439252336,-38.54220160747664
mean,fold_2,231,H0232,2022-12-15,167.916254,145.695881175,-22.220372825
mean,fold_2,233,H0234,2021-12-20,139.267142,145.695881175,6.428739175000004
mean,fold_3,234,H0235,2023-06-09,152.7288,145.14052439252336,-7.588275607476646
mean,fold_1,241,H0242,2021-06-21,185.812781,144.81936518686868,-40.99341581313132
mean,fold_1,245,H0246,2021-04-19,174.226941,144.81936518686868,-29.40757581313133
mean,fold_2,247,H0248,2023-02-04,164.707407,145.695881175,-19.01152582499998
mean,fold_2,248,H0249,2022-08-29,150.087325,145.695881175,-4.391443824999982
mean,fold_2,250,H0251,2022-06-03,143.091883,145.695881175,2.603998175000015
mean,fold_1,251,H0252,2021-03-30,129.746433,144.81936518686868,15.072932186868684
mean,fold_3,252,H0253,2023-06-25,151.688584,145.14052439252336,-6.548059607476631
mean,fold_2,253,H0254,2022-02-23,114.302566,145.695881175,31.393315175000012
mean,fold_3,254,H0255,2023-04-13,139.410331,145.14052439252336,5.730193392523347
mean,fold_3,256,H0257,2023-06-11,139.839053,145.14052439252336,5.301471392523354
mean,fold_3,257,H0258,2024-02-21,147.756514,145.14052439252336,-2.6159896074766493
mean,fold_1,258,H0259,2020-11-30,156.933124,144.81936518686868,-12.113758813131312
mean,fold_3,259,H0260,2023-12-23,155.260785,145.14052439252336,-10.120260607476638
mean,fold_3,263,H0264,2024-03-27,145.983842,145.14052439252336,-0.8433176074766493
mean,fold_3,264,H0265,2024-04-18,127.011051,145.14052439252336,18.129473392523366
mean,fold_1,265,H0266,2021-09-05,122.86288,144.81936518686868,21.956485186868676
mean,fold_3,267,H0268,2024-01-27,171.422696,145.14052439252336,-26.28217160747664
mean,fold_1,268,H0269,2021-09-22,170.583356,144.81936518686868,-25.76399081313133
mean,fold_1,269,H0270,2020-07-23,186.790711,144.81936518686868,-41.97134581313131
mean,fold_3,271,H0272,2023-12-15,157.465107,145.14052439252336,-12.324582607476628
mean,fold_2,272,H0273,2022-05-26,135.355501,145.695881175,10.340380175000007
mean,fold_3,280,H0281,2024-01-23,142.301879,145.14052439252336,2.838645392523347
mean,fold_2,283,H0284,2022-03-06,125.253119,145.695881175,20.442762175000013
mean,fold_3,284,H0285,2023-07-14,223.773217,145.14052439252336,-78.63269260747663
mean,fold_1,285,H0286,2020-10-01,160.71384,144.81936518686868,-15.894474813131325
mean,fold_1,292,H0293,2020-08-04,106.954368,144.81936518686868,37.86499718686868
mean,fold_2,294,H0295,2023-02-23,121.350452,145.695881175,24.345429175000007
mean,fold_1,296,H0297,2021-04-29,166.830316,144.81936518686868,-22.01095081313133
mean,fold_1,297,H0298,2021-09-04,137.631178,144.81936518686868,7.188187186868674
mean,fold_3,301,H0302,2023-12-27,166.479026,145.14052439252336,-21.338501607476644
mean,fold_3,304,H0305,2023-05-13,124.29625,145.14052439252336,20.84427439252336
mean,fold_2,308,H0309,2022-08-16,123.531393,145.695881175,22.164488175000017
mean,fold_3,311,H0312,2023-11-23,151.041177,145.14052439252336,-5.900652607476644
mean,fold_3,315,H0316,2024-07-27,160.585395,145.14052439252336,-15.444870607476645
mean,fold_3,316,H0317,2023-10-04,134.198625,145.14052439252336,10.941899392523368
mean,fold_3,317,H0318,2024-06-22,110.68118,145.14052439252336,34.45934439252336
mean,fold_1,320,H0321,2021-03-09,139.845247,144.81936518686868,4.9741181868686795
mean,fold_1,321,H0322,2020-05-26,123.318123,144.81936518686868,21.50124218686868
mean,fold_1,324,H0325,2021-01-12,137.021914,144.81936518686868,7.7974511868686704
mean,fold_1,325,H0326,2021-09-17,142.364009,144.81936518686868,2.45535618686867
mean,fold_3,329,H0330,2024-06-29,166.197665,145.14052439252336,-21.05714060747664
mean,fold_3,330,H0331,2023-05-06,139.111444,145.14052439252336,6.029080392523355
mean,fold_2,331,H0332,2022-03-23,125.943393,145.695881175,19.75248817500001
mean,fold_2,332,H0333,2023-01-04,134.615772,145.695881175,11.080109175000018
mean,fold_3,333,H0334,2023-10-13,164.715736,145.14052439252336,-19.575211607476632
mean,fold_1,335,H0336,2021-09-21,145.075279,144.81936518686868,-0.2559138131313148
mean,fold_2,336,H0337,2021-10-17,151.798498,145.695881175,-6.102616824999984
mean,fold_1,339,H0340,2021-09-03,164.852885,144.81936518686868,-20.033519813131306
mean,fold_1,340,H0341,2020-09-06,150.579586,144.81936518686868,-5.760220813131326
mean,fold_1,342,H0343,2020-07-31,107.806693,144.81936518686868,37.012672186868684
mean,fold_3,343,H0344,2023-09-10,132.123547,145.14052439252336,13.016977392523359
mean,fold_2,344,H0345,2022-10-07,93.963404,145.695881175,51.732477175000014
mean,fold_1,347,H0348,2020-09-25,170.113589,144.81936518686868,-25.29422381313131
mean,fold_2,348,H0349,2022-06-09,158.525099,145.695881175,-12.829217825
mean,fold_2,350,H0351,2023-02-12,129.68708,145.695881175,16.008801175000002
mean,fold_3,351,H0352,2024-01-04,134.163869,145.14052439252336,10.976655392523355
mean,fold_3,353,H0354,2023-09-30,160.106154,145.14052439252336,-14.965629607476643
mean,fold_1,355,H0356,2020-05-07,170.691275,144.81936518686868,-25.87190981313131
mean,fold_3,356,H0357,2023-07-29,113.792679,145.14052439252336,31.347845392523354
mean,fold_3,360,H0361,2023-04-15,196.456808,145.14052439252336,-51.316283607476635
mean,fold_2,361,H0362,2022-03-07,134.690669,145.695881175,11.005212174999997
mean,fold_1,363,H0364,2021-09-15,124.763049,144.81936518686868,20.056316186868685
mean,fold_3,365,H0366,2024-07-14,162.447747,145.14052439252336,-17.307222607476632
mean,fold_1,367,H0368,2021-07-22,108.146926,144.81936518686868,36.67243918686869
mean,fold_3,368,H0369,2023-08-26,155.222482,145.14052439252336,-10.081957607476653
mean,fold_2,371,H0372,2022-05-19,145.14254,145.695881175,0.5533411750000141
mean,fold_2,372,H0373,2022-01-27,176.808131,145.695881175,-31.112249824999992
mean,fold_1,373,H0374,2020-06-06,127.389307,144.81936518686868,17.430058186868678
mean,fold_1,374,H0375,2021-06-29,139.362192,144.81936518686868,5.457173186868687
mean,fold_3,377,H0378,2024-05-09,205.849381,145.14052439252336,-60.70885660747663
mean,fold_1,379,H0380,2020-05-16,172.945798,144.81936518686868,-28.126432813131316
mean,fold_3,383,H0384,2023-12-16,138.844458,145.14052439252336,6.2960663925233575
mean,fold_2,386,H0387,2022-08-18,170.651731,145.695881175,-24.955849825
mean,fold_3,389,H0390,2023-04-17,154.021642,145.14052439252336,-8.881117607476654
mean,fold_1,393,H0394,2021-08-15,111.578597,144.81936518686868,33.24076818686868
mean,fold_1,395,H0396,2020-05-16,178.725791,144.81936518686868,-33.90642581313131
mean,fold_1,396,H0397,2020-07-02,144.371266,144.81936518686868,0.44809918686868855
mean,fold_3,397,H0398,2023-11-09,114.609569,145.14052439252336,30.530955392523367
mean,fold_1,398,H0399,2021-01-03,171.095287,144.81936518686868,-26.275921813131333
mean,fold_2,399,H0400,2021-11-05,153.707065,145.695881175,-8.01118382499999
mean,fold_2,400,H0401,2023-02-10,142.038459,145.695881175,3.657422175000022
mean,fold_3,401,H0402,2023-06-16,159.729596,145.14052439252336,-14.589071607476626
mean,fold_3,403,H0404,2023-08-07,187.859592,145.14052439252336,-42.71906760747663
mean,fold_3,404,H0405,2023-07-09,118.540631,145.14052439252336,26.599893392523356
mean,fold_3,405,H0406,2024-06-12,125.974779,145.14052439252336,19.165745392523363
mean,fold_1,409,H0410,2021-03-19,189.072061,144.81936518686868,-44.25269581313131
mean,fold_2,410,H0411,2022-07-10,154.081179,145.695881175,-8.38529782499998
mean,fold_3,411,H0412,2023-07-28,136.491172,145.14052439252336,8.649352392523355
mean,fold_3,412,H0413,2024-01-21,113.519252,145.14052439252336,31.621272392523366
mean,fold_3,413,H0414,2023-07-07,124.980555,145.14052439252336,20.159969392523365
mean,fold_1,414,H0415,2020-08-21,192.431917,144.81936518686868,-47.61255181313132
mean,fold_3,415,H0416,2024-01-21,115.203741,145.14052439252336,29.936783392523367
mean,fold_2,418,H0419,2022-10-12,155.775204,145.695881175,-10.079322824999991
mean,fold_3,420,H0421,2023-05-15,123.64581,145.14052439252336,21.494714392523363
mean,fold_2,424,H0425,2022-07-14,126.998285,145.695881175,18.697596175000015
mean,fold_1,426,H0427,2020-12-10,153.099936,144.81936518686868,-8.280570813131334
mean,fold_2,427,H0428,2023-02-13,138.586693,145.695881175,7.109188175000014
mean,fold_1,432,H0433,2020-09-28,116.458741,144.81936518686868,28.360624186868677
mean,fold_2,435,H0436,2022-06-25,127.021477,145.695881175,18.674404175000006
mean,fold_3,438,H0439,2023-04-27,109.779947,145.14052439252336,35.36057739252335
mean,fold_1,440,H0441,2020-10-08,133.583156,144.81936518686868,11.236209186868678
mean,fold_3,441,H0442,2024-04-24,127.138594,145.14052439252336,18.001930392523363
mean,fold_1,442,H0443,2021-01-31,110.844249,144.81936518686868,33.975116186868675
mean,fold_2,444,H0445,2022-01-13,129.391394,145.695881175,16.30448717500002
mean,fold_3,446,H0447,2024-07-11,141.053611,145.14052439252336,4.086913392523371
mean,fold_1,447,H0448,2020-07-07,225.413883,144.81936518686868,-80.59451781313132
mean,fold_2,449,H0450,2022-10-03,155.87706,145.695881175,-10.18117882499999
mean,fold_3,451,H0452,2024-04-28,111.612226,145.14052439252336,33.528298392523354
mean,fold_1,452,H0453,2020-10-23,149.672141,144.81936518686868,-4.8527758131313306
mean,fold_2,456,H0457,2022-06-21,138.478522,145.695881175,7.217359175000013
mean,fold_3,457,H0458,2023-07-06,191.454009,145.14052439252336,-46.31348460747665
mean,fold_3,458,H0459,2023-11-24,151.759356,145.14052439252336,-6.618831607476636
mean,fold_1,461,H0462,2020-12-26,199.194383,144.81936518686868,-54.37501781313131
mean,fold_3,465,H0466,2023-10-10,157.778394,145.14052439252336,-12.637869607476631
mean,fold_2,466,H0467,2022-11-14,137.648167,145.695881175,8.04771417500001
mean,fold_1,468,H0469,2020-07-16,134.688036,144.81936518686868,10.131329186868669
mean,fold_3,471,H0472,2024-05-24,156.637781,145.14052439252336,-11.49725660747663
mean,fold_3,472,H0473,2023-08-07,169.47359,145.14052439252336,-24.33306560747664
mean,fold_3,473,H0474,2023-09-19,177.087355,145.14052439252336,-31.94683060747664
mean,fold_1,474,H0475,2021-06-01,138.489522,144.81936518686868,6.329843186868686
mean,fold_1,475,H0476,2020-12-05,150.998391,144.81936518686868,-6.179025813131318
mean,fold_3,476,H0477,2023-03-21,143.872059,145.14052439252336,1.2684653925233533
mean,fold_3,482,H0483,2023-07-10,154.414356,145.14052439252336,-9.273831607476637
mean,fold_1,485,H0486,2021-02-25,159.040022,144.81936518686868,-14.220656813131313
mean,fold_2,486,H0487,2022-11-20,144.319948,145.695881175,1.3759331750000001
mean,fold_3,488,H0489,2024-04-07,172.821716,145.14052439252336,-27.68119160747665
mean,fold_3,490,H0491,2023-04-28,148.347794,145.14052439252336,-3.2072696074766327
mean,fold_2,493,H0494,2022-05-19,129.701953,145.695881175,15.993928175000008
mean,fold_2,494,H0495,2022-05-15,118.781653,145.695881175,26.914228175000005
mean,fold_3,495,H0496,2024-07-14,131.922512,145.14052439252336,13.218012392523349
mean,fold_3,497,H0498,2023-12-13,151.566632,145.14052439252336,-6.426107607476638
mean,fold_1,498,H0499,2021-09-28,132.844566,144.81936518686868,11.974799186868694
mean,fold_1,502,H0503,2020-11-11,141.482493,144.81936518686868,3.336872186868675
mean,fold_2,505,H0506,2022-11-19,159.052446,145.695881175,-13.356564824999992
mean,fold_3,506,H0507,2023-11-18,185.751791,145.14052439252336,-40.61126660747664
mean,fold_3,508,H0509,2024-05-18,152.629763,145.14052439252336,-7.489238607476636
mean,fold_2,509,H0510,2022-09-19,192.69365,145.695881175,-46.99776882499998
mean,fold_1,511,H0512,2021-06-21,173.589992,144.81936518686868,-28.770626813131315
mean,fold_3,512,H0513,2023-11-21,153.041636,145.14052439252336,-7.9011116074766505
mean,fold_1,513,H0514,2021-09-16,112.790986,144.81936518686868,32.028379186868676
mean,fold_1,514,H0515,2020-11-30,187.923029,144.81936518686868,-43.103663813131334
mean,fold_1,515,H0516,2021-03-05,142.986507,144.81936518686868,1.832858186868691
mean,fold_1,522,H0523,2020-05-11,165.210453,144.81936518686868,-20.39108781313132
mean,fold_2,523,H0524,2022-10-20,98.2832,145.695881175,47.41268117500002
mean,fold_2,524,H0525,2022-10-14,134.240011,145.695881175,11.455870175000001
mean,fold_3,525,H0526,2024-02-29,148.711613,145.14052439252336,-3.5710886074766393
mean,fold_1,527,H0528,2021-04-04,158.814774,144.81936518686868,-13.99540881313132
mean,fold_3,528,H0529,2024-02-03,147.160487,145.14052439252336,-2.0199626074766286
mean,fold_2,529,H0530,2022-04-14,147.82961,145.695881175,-2.1337288249999915
mean,fold_2,531,H0532,2021-12-17,158.298771,145.695881175,-12.602889824999977
mean,fold_3,533,H0534,2024-01-07,130.818441,145.14052439252336,14.322083392523353
mean,fold_2,535,H0536,2023-02-20,194.675283,145.695881175,-48.979401825
mean,fold_2,540,H0541,2022-08-25,141.057172,145.695881175,4.6387091750000025
mean,fold_1,541,H0542,2021-03-28,153.42246,144.81936518686868,-8.603094813131321
mean,fold_1,543,H0544,2021-07-26,139.363503,144.81936518686868,5.455862186868671
mean,fold_3,545,H0546,2023-11-30,129.121245,145.14052439252336,16.019279392523373
mean,fold_3,546,H0547,2024-01-06,112.029962,145.14052439252336,33.11056239252336
mean,fold_1,549,H0550,2021-01-01,147.165366,144.81936518686868,-2.346000813131326
mean,fold_3,552,H0553,2024-02-25,154.843412,145.14052439252336,-9.70288760747664
mean,fold_3,553,H0554,2024-04-14,130.773201,145.14052439252336,14.36732339252336
mean,fold_1,556,H0557,2020-12-07,130.158219,144.81936518686868,14.661146186868677
mean,fold_3,558,H0559,2024-01-16,121.482374,145.14052439252336,23.658150392523368
mean,fold_2,559,H0560,2022-07-03,164.313743,145.695881175,-18.617861824999977
mean,fold_2,561,H0562,2021-11-22,136.948025,145.695881175,8.74785617500001
mean,fold_2,562,H0563,2023-01-16,130.480645,145.695881175,15.215236175000001
mean,fold_1,566,H0567,2020-12-03,121.54532,144.81936518686868,23.274045186868676
mean,fold_1,567,H0568,2021-03-28,128.414645,144.81936518686868,16.404720186868673
mean,fold_3,569,H0570,2024-02-23,139.712011,145.14052439252336,5.428513392523371
mean,fold_2,573,H0574,2022-12-12,203.732706,145.695881175,-58.036824825
mean,fold_2,575,H0576,2021-11-08,106.693541,145.695881175,39.002340175000015
mean,fold_3,578,H0579,2023-03-02,185.402319,145.14052439252336,-40.261794607476645
mean,fold_3,579,H0580,2023-11-18,152.297587,145.14052439252336,-7.157062607476632
mean,fold_1,581,H0582,2021-09-15,203.028468,144.81936518686868,-58.209102813131324
mean,fold_2,582,H0583,2022-03-31,116.771074,145.695881175,28.924807175000012
mean,fold_2,583,H0584,2022-04-14,125.65067,145.695881175,20.045211175000006
mean,fold_2,584,H0585,2022-04-26,119.708128,145.695881175,25.98775317500001
mean,fold_3,586,H0587,2024-06-17,124.615442,145.14052439252336,20.52508239252336
mean,fold_2,588,H0589,2022-02-16,130.719169,145.695881175,14.976712175000017
mean,fold_1,589,H0590,2020-12-19,106.175706,144.81936518686868,38.643659186868675
mean,fold_2,591,H0592,2022-10-24,131.682477,145.695881175,14.013404175000005
mean,fold_1,592,H0593,2020-12-22,179.727125,144.81936518686868,-34.90775981313132
mean,fold_3,597,H0598,2023-06-26,127.387591,145.14052439252336,17.75293339252336
mean,fold_2,598,H0599,2021-11-26,194.0406,145.695881175,-48.344718825
mean,fold_3,599,H0600,2024-02-06,151.330618,145.14052439252336,-6.190093607476626
mean,fold_1,601,H0602,2021-01-14,127.706965,144.81936518686868,17.112400186868683
mean,fold_1,602,H0603,2020-06-26,125.244514,144.81936518686868,19.574851186868685
mean,fold_2,605,H0606,2022-06-06,105.020449,145.695881175,40.67543217500001
mean,fold_2,606,H0607,2021-11-02,107.224936,145.695881175,38.47094517500001
mean,fold_2,608,H0609,2022-09-22,166.190016,145.695881175,-20.494134825000003
mean,fold_3,609,H0610,2024-01-31,134.959825,145.14052439252336,10.180699392523366
mean,fold_2,610,H0611,2022-09-30,155.771214,145.695881175,-10.075332824999975
mean,fold_1,611,H0612,2021-01-11,132.029839,144.81936518686868,12.78952618686867
mean,fold_3,614,H0615,2024-03-17,136.116076,145.14052439252336,9.024448392523368
mean,fold_3,617,H0618,2023-12-08,113.51782,145.14052439252336,31.62270439252336
mean,fold_3,618,H0619,2024-04-15,140.841682,145.14052439252336,4.298842392523369
mean,fold_1,627,H0628,2020-08-11,137.741162,144.81936518686868,7.078203186868677
mean,fold_1,628,H0629,2021-09-04,148.116188,144.81936518686868,-3.296822813131314
mean,fold_2,629,H0630,2022-04-09,127.845275,145.695881175,17.85060617500001
mean,fold_2,630,H0631,2023-02-04,170.199875,145.695881175,-24.50399382499998
mean,fold_3,631,H0632,2023-04-08,167.415438,145.14052439252336,-22.274913607476634
mean,fold_1,632,H0633,2020-06-06,175.249614,144.81936518686868,-30.43024881313133
mean,fold_1,633,H0634,2021-04-26,184.516947,144.81936518686868,-39.69758181313131
mean,fold_3,635,H0636,2024-05-27,119.449952,145.14052439252336,25.690572392523364
mean,fold_2,637,H0638,2022-11-11,172.114066,145.695881175,-26.418184824999997
mean,fold_1,638,H0639,2020-08-19,137.019615,144.81936518686868,7.7997501868686925
mean,fold_1,639,H0640,2021-06-30,125.55018,144.81936518686868,19.269185186868683
mean,fold_1,640,H0641,2020-08-04,116.601689,144.81936518686868,28.217676186868687
mean,fold_2,644,H0645,2021-11-04,176.233289,145.695881175,-30.537407825000003
mean,fold_3,645,H0646,2024-04-04,110.775019,145.14052439252336,34.36550539252336
mean,fold_1,646,H0647,2020-07-19,105.219867,144.81936518686868,39.599498186868686
mean,fold_2,647,H0648,2021-11-23,153.192398,145.695881175,-7.496516824999986
mean,fold_1,649,H0650,2020-08-09,139.154641,144.81936518686868,5.664724186868682
mean,fold_1,650,H0651,2020-12-06,123.618484,144.81936518686868,21.200881186868685
mean,fold_2,652,H0653,2022-03-17,123.690005,145.695881175,22.00587617500001
mean,fold_3,653,H0654,2024-03-15,185.112735,145.14052439252336,-39.972210607476626
mean,fold_2,654,H0655,2022-03-18,144.218166,145.695881175,1.4777151750000144
mean,fold_3,655,H0656,2023-12-12,136.551085,145.14052439252336,8.58943939252336
mean,fold_2,657,H0658,2021-10-03,171.519427,145.695881175,-25.823545824999997
mean,fold_1,658,H0659,2021-05-23,168.35803,144.81936518686868,-23.538664813131334
mean,fold_3,662,H0663,2023-10-26,176.292889,145.14052439252336,-31.152364607476642
mean,fold_1,663,H0664,2020-06-18,133.415695,144.81936518686868,11.40367018686868
mean,fold_1,667,H0668,2021-03-06,100.724212,144.81936518686868,44.095153186868686
mean,fold_1,668,H0669,2021-04-22,127.782479,144.81936518686868,17.036886186868685
mean,fold_3,672,H0673,2023-11-25,122.407017,145.14052439252336,22.733507392523364
mean,fold_1,674,H0675,2021-02-09,155.038059,144.81936518686868,-10.218693813131324
mean,fold_2,675,H0676,2022-07-30,127.871087,145.695881175,17.824794175000008
mean,fold_1,678,H0679,2021-02-21,119.815317,144.81936518686868,25.004048186868687
mean,fold_2,679,H0680,2022-11-07,183.255159,145.695881175,-37.55927782499998
mean,fold_1,680,H0681,2021-08-18,153.60066,144.81936518686868,-8.781294813131325
mean,fold_2,681,H0682,2021-10-12,138.325289,145.695881175,7.370592175000013
mean,fold_2,683,H0684,2022-08-11,157.725541,145.695881175,-12.029659824999982
mean,fold_2,684,H0685,2022-05-21,186.31524,145.695881175,-40.61935882499998
mean,fold_1,685,H0686,2021-01-03,140.247781,144.81936518686868,4.571584186868677
mean,fold_2,686,H0687,2022-08-11,161.752058,145.695881175,-16.056176824999994
mean,fold_1,688,H0689,2021-03-09,133.307227,144.81936518686868,11.512138186868668
mean,fold_2,690,H0691,2022-11-01,114.226275,145.695881175,31.46960617500001
mean,fold_2,694,H0695,2022-10-16,131.568044,145.695881175,14.127837175000025
mean,fold_3,697,H0698,2024-05-31,126.422264,145.14052439252336,18.718260392523362
mean,fold_2,698,H0699,2022-06-25,139.432085,145.695881175,6.26379617500001
mean,fold_3,699,H0700,2024-07-21,196.190354,145.14052439252336,-51.04982960747665
random_forest,fold_1,3,H0004,2021-07-25,183.694985,180.43294492741427,-3.2620400725857337
random_forest,fold_2,6,H0007,2022-09-24,129.480289,144.56110667389166,15.080817673891659
random_forest,fold_2,7,H0008,2023-01-11,121.154322,133.52609025182883,12.37176825182884
random_forest,fold_2,8,H0009,2022-06-06,139.293116,128.7435370187826,-10.549578981217394
random_forest,fold_1,11,H0012,2020-06-30,183.243903,170.96123015068798,-12.282672849312007
random_forest,fold_1,13,H0014,2020-09-07,170.796794,142.6735843739079,-28.12320962609212
random_forest,fold_3,15,H0016,2023-04-08,149.953225,174.77214157278624,24.818916572786236
random_forest,fold_3,17,H0018,2024-04-30,119.620279,138.21427179868093,18.59399279868093
random_forest,fold_1,18,H0019,2021-02-04,143.476193,159.8432877644824,16.367094764482403
random_forest,fold_1,19,H0020,2020-11-15,189.77568,164.67733398412196,-25.098346015878036
random_forest,fold_3,21,H0022,2023-04-29,160.716911,131.76077227797305,-28.956138722026964
random_forest,fold_1,23,H0024,2021-09-16,135.598247,137.17976021675042,1.5815132167504373
random_forest,fold_3,25,H0026,2023-12-05,139.17006,158.75131028277414,19.581250282774135
random_forest,fold_2,27,H0028,2022-04-26,149.924119,127.43506479115293,-22.489054208847065
random_forest,fold_1,28,H0029,2020-07-10,162.864843,145.0286798681102,-17.836163131889805
random_forest,fold_1,29,H0030,2021-08-16,165.512334,173.5536067462384,8.041272746238377
random_forest,fold_2,30,H0031,2022-08-31,141.977017,130.1047749988697,-11.872242001130303
random_forest,fold_2,32,H0033,2022-07-28,147.233426,134.3852459772879,-12.848180022712114
random_forest,fold_2,34,H0035,2022-02-06,149.268617,131.1789148568996,-18.089702143100396
random_forest,fold_3,37,H0038,2024-07-13,141.669636,155.46612156487217,13.796485564872171
random_forest,fold_1,38,H0039,2020-09-30,119.664683,130.00831983473063,10.343636834730631
random_forest,fold_2,39,H0040,2022-02-22,159.589876,158.1241927897993,-1.4656832102006945
random_forest,fold_2,40,H0041,2022-03-17,131.270653,116.57378651727473,-14.696866482725284
random_forest,fold_3,42,H0043,2023-03-17,153.628101,178.72877174362287,25.100670743622885
random_forest,fold_1,44,H0045,2021-05-15,131.832096,127.514393888728,-4.317702111272013
random_forest,fold_1,45,H0046,2020-11-15,127.350213,127.21521526267131,-0.13499773732868903
random_forest,fold_3,47,H0048,2024-06-13,208.649234,191.75283124522724,-16.896402754772765
random_forest,fold_1,48,H0049,2020-06-04,130.962653,170.65425239020504,39.691599390205056
random_forest,fold_2,49,H0050,2022-07-24,161.638,159.634021400554,-2.0039785994460146
random_forest,fold_1,50,H0051,2020-09-11,133.415175,153.60483201358463,20.189657013584622
random_forest,fold_3,51,H0052,2024-07-09,157.866639,139.11118482152534,-18.75545417847465
random_forest,fold_2,54,H0055,2023-01-22,119.47747,126.61305254291457,7.135582542914577
random_forest,fold_1,55,H0056,2021-03-17,148.335177,129.54548572240077,-18.789691277599218
random_forest,fold_2,56,H0057,2022-09-22,126.902781,130.0566553636578,3.153874363657792
random_forest,fold_2,58,H0059,2022-04-15,136.78526,131.25302762368065,-5.532232376319342
random_forest,fold_1,60,H0061,2020-12-06,155.407423,151.03432840484663,-4.373094595153361
random_forest,fold_2,61,H0062,2023-02-23,156.473576,166.18054847838587,9.706972478385865
random_forest,fold_3,62,H0063,2024-07-15,123.259631,123.8260765978029,0.5664455978028968
random_forest,fold_2,63,H0064,2022-05-11,134.103334,128.0286105215283,-6.074723478471697
random_forest,fold_1,65,H0066,2020-08-29,200.898625,158.26171239089342,-42.63691260910659
random_forest,fold_2,67,H0068,2022-09-19,118.917863,128.49917236909414,9.581309369094143
random_forest,fold_2,71,H0072,2022-08-09,139.641015,163.42810720047711,23.787092200477105
random_forest,fold_1,75,H0076,2021-05-26,141.137948,135.9588887366965,-5.179059263303486
random_forest,fold_3,78,H0079,2023-12-12,118.615149,125.72759060172663,7.11244160172663
random_forest,fold_2,79,H0080,2023-01-02,194.38275,189.6228210589165,-4.759928941083501
random_forest,fold_1,80,H0081,2021-07-01,126.998558,137.6319546581712,10.633396658171193
random_forest,fold_3,81,H0082,2023-03-27,143.154096,143.1262744866527,-0.027821513347305427
random_forest,fold_2,84,H0085,2023-01-12,143.052677,133.4333779885452,-9.619299011454785
random_forest,fold_3,87,H0088,2023-11-15,176.139532,174.10905452270111,-2.030477477298888
random_forest,fold_3,88,H0089,2023-04-30,146.723595,128.3830248773214,-18.3405701226786
random_forest,fold_1,89,H0090,2021-08-13,144.581428,182.513583392309,37.932155392309
random_forest,fold_2,90,H0091,2021-10-20,142.905141,168.56837819354533,25.663237193545342
random_forest,fold_2,91,H0092,2023-01-13,149.994928,156.70361425120393,6.708686251203943
random_forest,fold_3,92,H0093,2024-02-08,165.295584,162.20988650182193,-3.085697498178064
random_forest,fold_1,93,H0094,2021-04-23,156.65485,145.29467693219803,-11.36017306780198
random_forest,fold_3,96,H0097,2024-01-11,126.645387,133.81566673949342,7.170279739493424
random_forest,fold_1,98,H0099,2021-07-14,130.193525,128.46635350662584,-1.7271714933741578
random_forest,fold_2,100,H0101,2022-01-18,172.812894,146.80885912762452,-26.004034872375485
random_forest,fold_1,101,H0102,2020-05-24,121.660846,135.4327794480303,13.771933448030282
random_forest,fold_3,103,H0104,2024-06-03,140.94746,142.57451229183465,1.6270522918346444
random_forest,fold_3,104,H0105,2023-09-25,137.547889,125.11557608613896,-12.43231291386104
random_forest,fold_3,105,H0106,2023-04-01,149.56439,135.465998714689,-14.09839128531101
random_forest,fold_3,106,H0107,2024-01-09,141.316391,164.0936005242619,22.777209524261878
random_forest,fold_2,107,H0108,2022-04-06,118.277004,126.53155536068346,8.25455136068345
random_forest,fold_3,111,H0112,2023-03-06,172.74858,171.64484195849644,-1.1037380415035614
random_forest,fold_3,113,H0114,2024-01-24,124.20688,135.75876669615377,11.551886696153773
random_forest,fold_3,114,H0115,2023-12-04,168.008939,166.32368319697818,-1.6852558030218177
random_forest,fold_1,118,H0119,2020-09-24,179.01803,159.0389652666991,-19.979064733300902
random_forest,fold_3,124,H0125,2024-05-02,160.430043,155.7811095791992,-4.648933420800802
random_forest,fold_3,127,H0128,2023-05-28,129.687754,126.66556424622425,-3.0221897537757627
random_forest,fold_3,128,H0129,2023-07-03,197.070001,178.96781277765996,-18.102188222340033
random_forest,fold_3,130,H0131,2023-03-30,167.00117,139.50676399744444,-27.494406002555564
random_forest,fold_3,131,H0132,2023-04-26,141.788244,132.16981211659572,-9.61843188340427
random_forest,fold_3,132,H0133,2024-03-03,169.085419,168.9879084914332,-0.09751050856681331
random_forest,fold_1,133,H0134,2021-05-09,110.674359,132.24633053807008,21.571971538070088
random_forest,fold_2,135,H0136,2022-12-31,154.011252,133.54248880888534,-20.468763191114675
random_forest,fold_1,140,H0141,2020-06-11,173.632595,166.27361672660376,-7.3589782733962465
random_forest,fold_1,141,H0142,2021-03-05,132.750505,124.21173188063806,-8.538773119361949
random_forest,fold_3,144,H0145,2023-04-16,167.175082,164.18197234804097,-2.9931096519590312
random_forest,fold_1,145,H0146,2020-10-20,111.858898,125.74317251813582,13.884274518135825
random_forest,fold_1,147,H0148,2020-12-13,140.570607,135.1627975765838,-5.407809423416182
random_forest,fold_3,148,H0149,2023-04-19,162.084136,154.9632688862327,-7.120867113767304
random_forest,fold_3,149,H0150,2023-05-19,125.460151,124.9350128810437,-0.525138118956292
random_forest,fold_1,152,H0153,2021-06-07,183.667784,170.39313921533355,-13.274644784666464
random_forest,fold_1,154,H0155,2020-09-23,122.203993,131.64000893285436,9.43601593285436
random_forest,fold_1,156,H0157,2020-11-27,143.670765,134.9059109908133,-8.764854009186678
random_forest,fold_1,157,H0158,2021-05-06,186.291265,168.67774583316552,-17.613519166834493
random_forest,fold_3,158,H0159,2024-05-09,173.98285,155.4027302320367,-18.58011976796331
random_forest,fold_2,159,H0160,2022-12-23,147.096345,149.34481595466997,2.248470954669955
random_forest,fold_3,162,H0163,2024-07-10,153.805134,157.3230890901406,3.517955090140589
random_forest,fold_1,165,H0166,2020-11-10,140.48468,159.63993931541734,19.15525931541734
random_forest,fold_3,167,H0168,2023-10-16,107.402665,130.52038970633825,23.11772470633825
random_forest,fold_3,172,H0173,2023-04-20,151.026066,168.1385062756453,17.112440275645326
random_forest,fold_2,176,H0177,2023-02-22,133.161928,136.083874155491,2.921946155491014
random_forest,fold_3,177,H0178,2024-01-30,144.932831,157.77224495911202,12.839413959112022
random_forest,fold_2,178,H0179,2022-10-29,114.748879,132.4298191345146,17.680940134514586
random_forest,fold_3,179,H0180,2024-01-18,101.212102,123.46373172309063,22.25162972309063
random_forest,fold_3,180,H0181,2024-05-24,201.412845,160.86512672781333,-40.54771827218667
random_forest,fold_3,181,H0182,2023-08-16,139.8981,144.31377036668508,4.415670366685077
random_forest,fold_1,182,H0183,2021-03-14,145.242497,135.54793655281028,-9.694560447189701
random_forest,fold_3,183,H0184,2023-06-07,134.304233,145.17716766208036,10.872934662080354
random_forest,fold_3,184,H0185,2024-06-18,97.696023,127.6751161518139,29.9790931518139
random_forest,fold_1,185,H0186,2020-08-24,145.542835,153.14424475352794,7.601409753527946
random_forest,fold_2,186,H0187,2021-12-19,139.479896,130.14609217871686,-9.33380382128314
random_forest,fold_1,191,H0192,2020-05-31,160.005412,136.7730224094434,-23.232389590556608
random_forest,fold_2,193,H0194,2022-02-24,119.995948,131.70810425421644,11.712156254216438
random_forest,fold_1,195,H0196,2021-05-10,150.308825,173.2082984806524,22.899473480652375
random_forest,fold_1,200,H0201,2020-10-06,133.889569,149.34896286488444,15.459393864884447
random_forest,fold_2,201,H0202,2021-10-28,136.016116,146.96552279699543,10.949406796995419
random_forest,fold_3,203,H0204,2023-03-21,117.706484,118.96271930869091,1.2562353086909042
random_forest,fold_1,204,H0205,2021-06-10,154.76783,122.977237571473,-31.790592428527006
random_forest,fold_2,205,H0206,2022-07-05,126.325033,139.7837216462788,13.458688646278787
random_forest,fold_3,212,H0213,2024-06-29,156.576933,137.60190969234503,-18.975023307654965
random_forest,fold_2,213,H0214,2022-02-26,114.53955,132.0741800637302,17.534630063730205
random_forest,fold_3,223,H0224,2023-11-19,135.693147,127.14447227675709,-8.548674723242925
random_forest,fold_2,224,H0225,2022-02-18,174.549441,162.45078773162356,-12.098653268376438
random_forest,fold_1,225,H0226,2021-07-04,112.989085,127.43891433257286,14.449829332572861
random_forest,fold_2,226,H0227,2022-05-11,193.324715,190.53688627189885,-2.7878287281011467
random_forest,fold_3,227,H0228,2024-04-30,183.682726,187.2705550954242,3.587829095424212
random_forest,fold_2,231,H0232,2022-12-15,167.916254,163.73750108215623,-4.178752917843781
random_forest,fold_2,233,H0234,2021-12-20,139.267142,139.52667788212202,0.25953588212200884
random_forest,fold_3,234,H0235,2023-06-09,152.7288,141.40713401090684,-11.321665989093162
random_forest,fold_1,241,H0242,2021-06-21,185.812781,166.6082896744655,-19.20449132553449
random_forest,fold_1,245,H0246,2021-04-19,174.226941,173.89608068367727,-0.3308603163227417
random_forest,fold_2,247,H0248,2023-02-04,164.707407,173.0867021766115,8.379295176611521
random_forest,fold_2,248,H0249,2022-08-29,150.087325,164.66306537753914,14.575740377539148
random_forest,fold_2,250,H0251,2022-06-03,143.091883,136.5617839887125,-6.53009901128749
random_forest,fold_1,251,H0252,2021-03-30,129.746433,122.09998736383001,-7.646445636169986
random_forest,fold_3,252,H0253,2023-06-25,151.688584,166.51179291537338,14.823208915373385
random_forest,fold_2,253,H0254,2022-02-23,114.302566,145.87197447509277,31.56940847509277
random_forest,fold_3,254,H0255,2023-04-13,139.410331,135.70556488231222,-3.7047661176877966
random_forest,fold_3,256,H0257,2023-06-11,139.839053,134.45727548323654,-5.381777516763464
random_forest,fold_3,257,H0258,2024-02-21,147.756514,170.82128825187976,23.064774251879754
random_forest,fold_1,258,H0259,2020-11-30,156.933124,146.7560442034046,-10.177079796595393
random_forest,fold_3,259,H0260,2023-12-23,155.260785,159.5500162096912,4.289231209691195
random_forest,fold_3,263,H0264,2024-03-27,145.983842,131.2680737149987,-14.715768285001303
random_forest,fold_3,264,H0265,2024-04-18,127.011051,133.24709024952193,6.236039249521937
random_forest,fold_1,265,H0266,2021-09-05,122.86288,128.5138264584916,5.650946458491589
random_forest,fold_3,267,H0268,2024-01-27,171.422696,168.50230499778962,-2.92039100221038
random_forest,fold_1,268,H0269,2021-09-22,170.583356,159.6364165197268,-10.946939480273215
random_forest,fold_1,269,H0270,2020-07-23,186.790711,159.37526279178562,-27.41544820821437
random_forest,fold_3,271,H0272,2023-12-15,157.465107,161.54706703263062,4.081960032630633
random_forest,fold_2,272,H0273,2022-05-26,135.355501,130.40004640678018,-4.955454593219827
random_forest,fold_3,280,H0281,2024-01-23,142.301879,158.14348583259897,15.841606832598956
random_forest,fold_2,283,H0284,2022-03-06,125.253119,134.76228602018458,9.509167020184577
random_forest,fold_3,284,H0285,2023-07-14,223.773217,191.96242743522447,-31.81078956477552
random_forest,fold_1,285,H0286,2020-10-01,160.71384,148.75917824021224,-11.954661759787768
random_forest,fold_1,292,H0293,2020-08-04,106.954368,127.28910659931708,20.334738599317078
random_forest,fold_2,294,H0295,2023-02-23,121.350452,130.15854761332702,8.808095613327012
random_forest,fold_1,296,H0297,2021-04-29,166.830316,174.84516486242353,8.01484886242352
random_forest,fold_1,297,H0298,2021-09-04,137.631178,138.92948374114988,1.2983057411498748
random_forest,fold_3,301,H0302,2023-12-27,166.479026,160.51032192648688,-5.968704073513123
random_forest,fold_3,304,H0305,2023-05-13,124.29625,120.34413412255779,-3.9521158774422105
random_forest,fold_2,308,H0309,2022-08-16,123.531393,136.46670892004067,12.93531592004068
random_forest,fold_3,311,H0312,2023-11-23,151.041177,159.31779169275023,8.276614692750229
random_forest,fold_3,315,H0316,2024-07-27,160.585395,173.84825038631152,13.262855386311514
random_forest,fold_3,316,H0317,2023-10-04,134.198625,137.14228951791944,2.9436645179194443
random_forest,fold_3,317,H0318,2024-06-22,110.68118,129.54099925554553,18.85981925554553
random_forest,fold_1,320,H0321,2021-03-09,139.845247,128.36913017898098,-11.47611682101902
random_forest,fold_1,321,H0322,2020-05-26,123.318123,141.4819236787673,18.163800678767288
random_forest,fold_1,324,H0325,2021-01-12,137.021914,139.1296019306803,2.1076879306802994
random_forest,fold_1,325,H0326,2021-09-17,142.364009,142.68150029618096,0.31749129618094685
random_forest,fold_3,329,H0330,2024-06-29,166.197665,177.10194801948367,10.904283019483671
random_forest,fold_3,330,H0331,2023-05-06,139.111444,123.89073695669691,-15.220707043303094
random_forest,fold_2,331,H0332,2022-03-23,125.943393,126.4066604304697,0.4632674304696991
random_forest,fold_2,332,H0333,2023-01-04,134.615772,157.1083853653443,22.49261336534431
random_forest,fold_3,333,H0334,2023-10-13,164.715736,135.6656551472579,-29.0500808527421
random_forest,fold_1,335,H0336,2021-09-21,145.075279,165.01245009790347,19.937171097903473
random_forest,fold_2,336,H0337,2021-10-17,151.798498,173.28393604568083,21.485438045680837
random_forest,fold_1,339,H0340,2021-09-03,164.852885,137.6821575622561,-27.170727437743892
random_forest,fold_1,340,H0341,2020-09-06,150.579586,135.55355450176526,-15.026031498234744
random_forest,fold_1,342,H0343,2020-07-31,107.806693,142.87646090140385,35.06976790140385
random_forest,fold_3,343,H0344,2023-09-10,132.123547,130.5593996053393,-1.5641473946606936
random_forest,fold_2,344,H0345,2022-10-07,93.963404,134.59112505939166,40.62772105939166
random_forest,fold_1,347,H0348,2020-09-25,170.113589,170.11585604314922,0.00226704314923154
random_forest,fold_2,348,H0349,2022-06-09,158.525099,175.83722692378146,17.312127923781446
random_forest,fold_2,350,H0351,2023-02-12,129.68708,130.332262680202,0.645182680201998
random_forest,fold_3,351,H0352,2024-01-04,134.163869,135.88171068426573,1.7178416842657214
random_forest,fold_3,353,H0354,2023-09-30,160.106154,152.50636454276616,-7.59978945723384
random_forest,fold_1,355,H0356,2020-05-07,170.691275,163.47780310101004,-7.213471898989951
random_forest,fold_3,356,H0357,2023-07-29,113.792679,130.7898749067053,16.9971959067053
random_forest,fold_3,360,H0361,2023-04-15,196.456808,177.88893302885077,-18.567874971149223
random_forest,fold_2,361,H0362,2022-03-07,134.690669,165.38500535914213,30.694336359142113
random_forest,fold_1,363,H0364,2021-09-15,124.763049,120.91785497887655,-3.845194021123447
random_forest,fold_3,365,H0366,2024-07-14,162.447747,163.8896948747103,1.4419478747103085
random_forest,fold_1,367,H0368,2021-07-22,108.146926,136.94994953587295,28.803023535872953
random_forest,fold_3,368,H0369,2023-08-26,155.222482,166.13658999636996,10.91410799636995
random_forest,fold_2,371,H0372,2022-05-19,145.14254,129.30626853272898,-15.836271467271018
random_forest,fold_2,372,H0373,2022-01-27,176.808131,175.87650248578686,-0.9316285142131449
random_forest,fold_1,373,H0374,2020-06-06,127.389307,130.2059317557438,2.8166247557437885
random_forest,fold_1,374,H0375,2021-06-29,139.362192,133.23961486651984,-6.122577133480149
random_forest,fold_3,377,H0378,2024-05-09,205.849381,180.23392616029125,-25.615454839708747
random_forest,fold_1,379,H0380,2020-05-16,172.945798,180.8743818914655,7.928583891465507
random_forest,fold_3,383,H0384,2023-12-16,138.844458,137.24991607020664,-1.5945419297933654
random_forest,fold_2,386,H0387,2022-08-18,170.651731,175.83847739036526,5.1867463903652435
random_forest,fold_3,389,H0390,2023-04-17,154.021642,161.31551060506342,7.293868605063409
random_forest,fold_1,393,H0394,2021-08-15,111.578597,130.35872365632656,18.78012665632656
random_forest,fold_1,395,H0396,2020-05-16,178.725791,163.0969804274063,-15.628810572593693
random_forest,fold_1,396,H0397,2020-07-02,144.371266,136.14560507342367,-8.225660926576325
random_forest,fold_3,397,H0398,2023-11-09,114.609569,127.51065920037156,12.90109020037157
random_forest,fold_1,398,H0399,2021-01-03,171.095287,175.22171367320422,4.126426673204207
random_forest,fold_2,399,H0400,2021-11-05,153.707065,138.35408991946892,-15.352975080531081
random_forest,fold_2,400,H0401,2023-02-10,142.038459,134.98629890028005,-7.052160099719941
random_forest,fold_3,401,H0402,2023-06-16,159.729596,171.50553203872428,11.775936038724296
random_forest,fold_3,403,H0404,2023-08-07,187.859592,160.91347381761872,-26.94611818238127
random_forest,fold_3,404,H0405,2023-07-09,118.540631,126.81475998379331,8.274128983793304
random_forest,fold_3,405,H0406,2024-06-12,125.974779,153.27055293729083,27.295773937290832
random_forest,fold_1,409,H0410,2021-03-19,189.072061,154.45461170816253,-34.61744929183746
random_forest,fold_2,410,H0411,2022-07-10,154.081179,162.1359038298316,8.0547248298316
random_forest,fold_3,411,H0412,2023-07-28,136.491172,137.05465061172384,0.5634786117238377
random_forest,fold_3,412,H0413,2024-01-21,113.519252,126.16573382750072,12.646481827500722
random_forest,fold_3,413,H0414,2023-07-07,124.980555,134.40605565079645,9.425500650796451
random_forest,fold_1,414,H0415,2020-08-21,192.431917,160.05290243476117,-32.37901456523883
random_forest,fold_3,415,H0416,2024-01-21,115.203741,129.64442478390123,14.440683783901235
random_forest,fold_2,418,H0419,2022-10-12,155.775204,132.27198181985318,-23.50322218014682
random_forest,fold_3,420,H0421,2023-05-15,123.64581,131.27406917327747,7.6282591732774705
random_forest,fold_2,424,H0425,2022-07-14,126.998285,141.478991768889,14.480706768888993
random_forest,fold_1,426,H0427,2020-12-10,153.099936,134.31974078721083,-18.78019521278918
random_forest,fold_2,427,H0428,2023-02-13,138.586693,132.9195028031064,-5.667190196893586
random_forest,fold_1,432,H0433,2020-09-28,116.458741,124.96170562186533,8.502964621865331
random_forest,fold_2,435,H0436,2022-06-25,127.021477,120.76255598077638,-6.258921019223621
random_forest,fold_3,438,H0439,2023-04-27,109.779947,123.06540180482276,13.285454804822749
random_forest,fold_1,440,H0441,2020-10-08,133.583156,127.38193177394676,-6.201224226053242
random_forest,fold_3,441,H0442,2024-04-24,127.138594,129.8792830663651,2.740689066365107
random_forest,fold_1,442,H0443,2021-01-31,110.844249,125.6492444090977,14.8049954090977
random_forest,fold_2,444,H0445,2022-01-13,129.391394,129.07333654307092,-0.3180574569290684
random_forest,fold_3,446,H0447,2024-07-11,141.053611,155.38731997731315,14.333708977313165
random_forest,fold_1,447,H0448,2020-07-07,225.413883,158.76568251319603,-66.64820048680397
random_forest,fold_2,449,H0450,2022-10-03,155.87706,167.46948772235052,11.592427722350521
random_forest,fold_3,451,H0452,2024-04-28,111.612226,118.90173012296863,7.289504122968623
random_forest,fold_1,452,H0453,2020-10-23,149.672141,121.31229948228713,-28.35984151771288
random_forest,fold_2,456,H0457,2022-06-21,138.478522,134.98716127994408,-3.4913607200559227
random_forest,fold_3,457,H0458,2023-07-06,191.454009,160.350428054636,-31.103580945364
random_forest,fold_3,458,H0459,2023-11-24,151.759356,155.7425528303742,3.9831968303741974
random_forest,fold_1,461,H0462,2020-12-26,199.194383,171.56040155301366,-27.633981446986326
random_forest,fold_3,465,H0466,2023-10-10,157.778394,164.67957373424508,6.9011797342450905
random_forest,fold_2,466,H0467,2022-11-14,137.648167,132.2241257391545,-5.424041260845513
random_forest,fold_1,468,H0469,2020-07-16,134.688036,120.95468106707571,-13.7333549329243
random_forest,fold_3,471,H0472,2024-05-24,156.637781,161.45706315921083,4.819282159210843
random_forest,fold_3,472,H0473,2023-08-07,169.47359,174.51707532415693,5.043485324156933
random_forest,fold_3,473,H0474,2023-09-19,177.087355,160.41953187209953,-16.667823127900476
random_forest,fold_1,474,H0475,2021-06-01,138.489522,145.0286798681102,6.539157868110209
random_forest,fold_1,475,H0476,2020-12-05,150.998391,159.8180638313257,8.819672831325704
random_forest,fold_3,476,H0477,2023-03-21,143.872059,152.82087321823374,8.948814218233736
random_forest,fold_3,482,H0483,2023-07-10,154.414356,162.15988664074646,7.745530640746466
random_forest,fold_1,485,H0486,2021-02-25,159.040022,169.2688793656756,10.228857365675594
random_forest,fold_2,486,H0487,2022-11-20,144.319948,148.21047969531645,3.89053169531644
random_forest,fold_3,488,H0489,2024-04-07,172.821716,159.58187451599917,-13.239841484000834
random_forest,fold_3,490,H0491,2023-04-28,148.347794,159.5367261248772,11.188932124877198
random_forest,fold_2,493,H0494,2022-05-19,129.701953,132.48841695111227,2.7864639511122675
random_forest,fold_2,494,H0495,2022-05-15,118.781653,126.94262515664875,8.16097215664874
random_forest,fold_3,495,H0496,2024-07-14,131.922512,154.24556711695263,22.323055116952617
random_forest,fold_3,497,H0498,2023-12-13,151.566632,160.33518284777935,8.768550847779352
random_forest,fold_1,498,H0499,2021-09-28,132.844566,122.88458668019446,-9.959979319805527
random_forest,fold_1,502,H0503,2020-11-11,141.482493,131.69688087587707,-9.785612124122935
random_forest,fold_2,505,H0506,2022-11-19,159.052446,137.72990396912118,-21.32254203087882
random_forest,fold_3,506,H0507,2023-11-18,185.751791,173.32496315286838,-12.42682784713162
random_forest,fold_3,508,H0509,2024-05-18,152.629763,156.26322022214538,3.633457222145381
random_forest,fold_2,509,H0510,2022-09-19,192.69365,158.84911930531885,-33.84453069468114
random_forest,fold_1,511,H0512,2021-06-21,173.589992,153.60028477032674,-19.989707229673257
random_forest,fold_3,512,H0513,2023-11-21,153.041636,161.2652477326219,8.22361173262189
random_forest,fold_1,513,H0514,2021-09-16,112.790986,135.45959713187878,22.668611131878777
random_forest,fold_1,514,H0515,2020-11-30,187.923029,158.1040490360783,-29.81897996392172
random_forest,fold_1,515,H0516,2021-03-05,142.986507,138.67773400155653,-4.308772998443459
random_forest,fold_1,522,H0523,2020-05-11,165.210453,126.7609867549027,-38.4494662450973
random_forest,fold_2,523,H0524,2022-10-20,98.2832,123.82654292200327,25.543342922003276
random_forest,fold_2,524,H0525,2022-10-14,134.240011,131.25302762368065,-2.9869833763193583
random_forest,fold_3,525,H0526,2024-02-29,148.711613,136.85351444907909,-11.858098550920914
random_forest,fold_1,527,H0528,2021-04-04,158.814774,169.11532490136628,10.300550901366279
random_forest,fold_3,528,H0529,2024-02-03,147.160487,159.26831421372202,12.107827213722032
random_forest,fold_2,529,H0530,2022-04-14,147.82961,154.36607839226681,6.536468392266812
random_forest,fold_2,531,H0532,2021-12-17,158.298771,149.1091459663084,-9.189625033691584
random_forest,fold_3,533,H0534,2024-01-07,130.818441,140.62225820089878,9.803817200898777
random_forest,fold_2,535,H0536,2023-02-20,194.675283,173.2977117983755,-21.377571201624505
random_forest,fold_2,540,H0541,2022-08-25,141.057172,130.9699584379146,-10.087213562085395
random_forest,fold_1,541,H0542,2021-03-28,153.42246,138.30284490620355,-15.119615093796455
random_forest,fold_1,543,H0544,2021-07-26,139.363503,134.07203555326834,-5.291467446731673
random_forest,fold_3,545,H0546,2023-11-30,129.121245,128.86387771431689,-0.2573672856831024
random_forest,fold_3,546,H0547,2024-01-06,112.029962,131.2647388411389,19.234776841138896
random_forest,fold_1,549,H0550,2021-01-01,147.165366,146.66305497573416,-0.5023110242658504
random_forest,fold_3,552,H0553,2024-02-25,154.843412,136.792529344395,-18.050882655604994
random_forest,fold_3,553,H0554,2024-04-14,130.773201,123.65997382588583,-7.113227174114172
random_forest,fold_1,556,H0557,2020-12-07,130.158219,129.94359885915952,-0.21462014084048064
random_forest,fold_3,558,H0559,2024-01-16,121.482374,134.19352779922315,12.711153799223155
random_forest,fold_2,559,H0560,2022-07-03,164.313743,167.32631959394308,3.012576593943095
random_forest,fold_2,561,H0562,2021-11-22,136.948025,147.5773104549937,10.629285454993692
random_forest,fold_2,562,H0563,2023-01-16,130.480645,130.69597161365317,0.2153266136531613
random_forest,fold_1,566,H0567,2020-12-03,121.54532,131.77752746803378,10.232207468033778
random_forest,fold_1,567,H0568,2021-03-28,128.414645,128.19824131985766,-0.21640368014234923
random_forest,fold_3,569,H0570,2024-02-23,139.712011,127.20377936681457,-12.508231633185417
random_forest,fold_2,573,H0574,2022-12-12,203.732706,168.35802610112006,-35.37467989887995
random_forest,fold_2,575,H0576,2021-11-08,106.693541,124.56468806799381,17.871147067993817
random_forest,fold_3,578,H0579,2023-03-02,185.402319,183.275668288021,-2.1266507119790106
random_forest,fold_3,579,H0580,2023-11-18,152.297587,165.0951080558489,12.797521055848904
random_forest,fold_1,581,H0582,2021-09-15,203.028468,162.6926277648171,-40.3358402351829
random_forest,fold_2,582,H0583,2022-03-31,116.771074,120.32733654878946,3.556262548789462
random_forest,fold_2,583,H0584,2022-04-14,125.65067,120.32733654878946,-5.323333451210544
random_forest,fold_2,584,H0585,2022-04-26,119.708128,145.34045016878616,25.63232216878616
random_forest,fold_3,586,H0587,2024-06-17,124.615442,138.26770585795336,13.652263857953358
random_forest,fold_2,588,H0589,2022-02-16,130.719169,128.46377907213906,-2.255389927860932
random_forest,fold_1,589,H0590,2020-12-19,106.175706,137.87226254453478,31.696556544534772
random_forest,fold_2,591,H0592,2022-10-24,131.682477,130.47113393851174,-1.2113430614882645
random_forest,fold_1,592,H0593,2020-12-22,179.727125,161.98685830956023,-17.740266690439768
random_forest,fold_3,597,H0598,2023-06-26,127.387591,154.80259608585536,27.415005085855356
random_forest,fold_2,598,H0599,2021-11-26,194.0406,174.74006356624912,-19.300536433750892
random_forest,fold_3,599,H0600,2024-02-06,151.330618,156.04570793353636,4.715089933536376
random_forest,fold_1,601,H0602,2021-01-14,127.706965,125.60444772122372,-2.1025172787762756
random_forest,fold_1,602,H0603,2020-06-26,125.244514,131.20382010610416,5.959306106104165
random_forest,fold_2,605,H0606,2022-06-06,105.020449,123.98305616624495,18.96260716624495
random_forest,fold_2,606,H0607,2021-11-02,107.224936,130.0150850781173,22.790149078117295
random_forest,fold_2,608,H0609,2022-09-22,166.190016,167.08206406803745,0.8920480680374396
random_forest,fold_3,609,H0610,2024-01-31,134.959825,138.2476705403731,3.287845540373098
random_forest,fold_2,610,H0611,2022-09-30,155.771214,174.60308884447,18.831874844470008
random_forest,fold_1,611,H0612,2021-01-11,132.029839,127.74301573795049,-4.2868232620495235
random_forest,fold_3,614,H0615,2024-03-17,136.116076,158.10626284287514,21.990186842875147
random_forest,fold_3,617,H0618,2023-12-08,113.51782,133.28912326536934,19.77130326536934
random_forest,fold_3,618,H0619,2024-04-15,140.841682,137.44564102468638,-3.3960409753136105
random_forest,fold_1,627,H0628,2020-08-11,137.741162,137.5678777135646,-0.17328428643540406
random_forest,fold_1,628,H0629,2021-09-04,148.116188,130.95564068229484,-17.160547317705152
random_forest,fold_2,629,H0630,2022-04-09,127.845275,135.5355569554192,7.690281955419195
random_forest,fold_2,630,H0631,2023-02-04,170.199875,175.62616996054865,5.42629496054866
random_forest,fold_3,631,H0632,2023-04-08,167.415438,158.86097481075348,-8.554463189246519
random_forest,fold_1,632,H0633,2020-06-06,175.249614,170.76883668117958,-4.480777318820429
random_forest,fold_1,633,H0634,2021-04-26,184.516947,168.93331238544923,-15.58363461455076
random_forest,fold_3,635,H0636,2024-05-27,119.449952,137.52716480902635,18.07721280902635
random_forest,fold_2,637,H0638,2022-11-11,172.114066,151.67485635533131,-20.439209644668693
random_forest,fold_1,638,H0639,2020-08-19,137.019615,142.24150874385853,5.221893743858544
random_forest,fold_1,639,H0640,2021-06-30,125.55018,127.27034149193915,1.7201614919391517
random_forest,fold_1,640,H0641,2020-08-04,116.601689,128.8291186358226,12.227429635822602
random_forest,fold_2,644,H0645,2021-11-04,176.233289,150.1854337607945,-26.047855239205518
random_forest,fold_3,645,H0646,2024-04-04,110.775019,127.23655026450004,16.46153126450004
random_forest,fold_1,646,H0647,2020-07-19,105.219867,118.9247657209549,13.704898720954901
random_forest,fold_2,647,H0648,2021-11-23,153.192398,159.1573461273018,5.9649481273017955
random_forest,fold_1,649,H0650,2020-08-09,139.154641,127.70466960941225,-11.449971390587748
random_forest,fold_1,650,H0651,2020-12-06,123.618484,133.06394273404288,9.445458734042887
random_forest,fold_2,652,H0653,2022-03-17,123.690005,130.1759968819532,6.485991881953211
random_forest,fold_3,653,H0654,2024-03-15,185.112735,181.92685907481757,-3.1858759251824154
random_forest,fold_2,654,H0655,2022-03-18,144.218166,124.49330208194276,-19.72486391805724
random_forest,fold_3,655,H0656,2023-12-12,136.551085,157.4010434522638,20.84995845226379
random_forest,fold_2,657,H0658,2021-10-03,171.519427,150.20018112741704,-21.319245872582968
random_forest,fold_1,658,H0659,2021-05-23,168.35803,172.88757975556078,4.529549755560765
random_forest,fold_3,662,H0663,2023-10-26,176.292889,162.85007917500096,-13.442809824999046
random_forest,fold_1,663,H0664,2020-06-18,133.415695,135.829909516868,2.4142145168680145
random_forest,fold_1,667,H0668,2021-03-06,100.724212,127.24530740639761,26.52109540639762
random_forest,fold_1,668,H0669,2021-04-22,127.782479,127.32563620073292,-0.45684279926707916
random_forest,fold_3,672,H0673,2023-11-25,122.407017,124.40202333885337,1.995006338853372
random_forest,fold_1,674,H0675,2021-02-09,155.038059,145.92549975907923,-9.112559240920774
random_forest,fold_2,675,H0676,2022-07-30,127.871087,129.95676011372473,2.0856731137247237
random_forest,fold_1,678,H0679,2021-02-21,119.815317,126.94405150956146,7.128734509561468
random_forest,fold_2,679,H0680,2022-11-07,183.255159,164.6299683004481,-18.625190699551894
random_forest,fold_1,680,H0681,2021-08-18,153.60066,164.32389806715727,10.723238067157268
random_forest,fold_2,681,H0682,2021-10-12,138.325289,134.21269801122224,-4.112590988777754
random_forest,fold_2,683,H0684,2022-08-11,157.725541,127.23347418930301,-30.492066810696983
random_forest,fold_2,684,H0685,2022-05-21,186.31524,166.24851189501402,-20.06672810498597
random_forest,fold_1,685,H0686,2021-01-03,140.247781,129.91620090057077,-10.331580099429232
random_forest,fold_2,686,H0687,2022-08-11,161.752058,155.14986809377743,-6.602189906222577
random_forest,fold_1,688,H0689,2021-03-09,133.307227,125.84125331837106,-7.465973681628952
random_forest,fold_2,690,H0691,2022-11-01,114.226275,130.91347032867742,16.68719532867742
random_forest,fold_2,694,H0695,2022-10-16,131.568044,127.38223665017058,-4.185807349829403
random_forest,fold_3,697,H0698,2024-05-31,126.422264,121.89053424297023,-4.531729757029765
random_forest,fold_2,698,H0699,2022-06-25,139.432085,130.48023237916814,-8.951852620831858
random_forest,fold_3,699,H0700,2024-07-21,196.190354,187.09141739790712,-9.098936602092891
ridge,fold_1,3,H0004,2021-07-25,183.694985,173.02071198386813,-10.674273016131878
ridge,fold_2,6,H0007,2022-09-24,129.480289,147.60010022767284,18.11981122767284
ridge,fold_2,7,H0008,2023-01-11,121.154322,130.98917003920613,9.834848039206136
ridge,fold_2,8,H0009,2022-06-06,139.293116,133.12045298172367,-6.1726630182763245
ridge,fold_1,11,H0012,2020-06-30,183.243903,161.40898679077182,-21.83491620922817
ridge,fold_1,13,H0014,2020-09-07,170.796794,154.22838309561462,-16.568410904385388
ridge,fold_3,15,H0016,2023-04-08,149.953225,165.26837594513316,15.315150945133155
ridge,fold_3,17,H0018,2024-04-30,119.620279,142.54363650713145,22.923357507131456
ridge,fold_1,18,H0019,2021-02-04,143.476193,158.62112958821672,15.144936588216723
ridge,fold_1,19,H0020,2020-11-15,189.77568,178.90393632042912,-10.87174367957087
ridge,fold_3,21,H0022,2023-04-29,160.716911,137.59612807219102,-23.12078292780899
ridge,fold_1,23,H0024,2021-09-16,135.598247,141.98349931600376,6.385252316003772
ridge,fold_3,25,H0026,2023-12-05,139.17006,149.4988888431492,10.328828843149182
ridge,fold_2,27,H0028,2022-04-26,149.924119,123.72863617353964,-26.19548282646035
ridge,fold_1,28,H0029,2020-07-10,162.864843,142.67263775749362,-20.19220524250639
ridge,fold_1,29,H0030,2021-08-16,165.512334,172.2558606533943,6.743526653394298
ridge,fold_2,30,H0031,2022-08-31,141.977017,129.67688446992543,-12.300132530074563
ridge,fold_2,32,H0033,2022-07-28,147.233426,139.65108147383617,-7.582344526163837
ridge,fold_2,34,H0035,2022-02-06,149.268617,127.00739759712366,-22.26121940287635
ridge,fold_3,37,H0038,2024-07-13,141.669636,150.53497470667384,8.865338706673839
ridge,fold_1,38,H0039,2020-09-30,119.664683,128.22862171249005,8.563938712490057
ridge,fold_2,39,H0040,2022-02-22,159.589876,150.53042508153194,-9.059450918468059
ridge,fold_2,40,H0041,2022-03-17,131.270653,118.1787505967231,-13.091902403276904
ridge,fold_3,42,H0043,2023-03-17,153.628101,174.26143546524509,20.6333344652451
ridge,fold_1,44,H0045,2021-05-15,131.832096,126.44972538506494,-5.38237061493507
ridge,fold_1,45,H0046,2020-11-15,127.350213,129.82716839578347,2.4769553957834773
ridge,fold_3,47,H0048,2024-06-13,208.649234,197.60238769988172,-11.04684630011829
ridge,fold_1,48,H0049,2020-06-04,130.962653,167.3797650870552,36.417112087055216
ridge,fold_2,49,H0050,2022-07-24,161.638,147.70054224841564,-13.937457751584361
ridge,fold_1,50,H0051,2020-09-11,133.415175,149.77309442881415,16.357919428814142
ridge,fold_3,51,H0052,2024-07-09,157.866639,140.8547966544114,-17.011842345588605
ridge,fold_2,54,H0055,2023-01-22,119.47747,124.39207791759728,4.91460791759728
ridge,fold_1,55,H0056,2021-03-17,148.335177,136.3235216435675,-12.011655356432499
ridge,fold_2,56,H0057,2022-09-22,126.902781,130.89858613703498,3.995805137034978
ridge,fold_2,58,H0059,2022-04-15,136.78526,132.13204693361718,-4.653213066382818
ridge,fold_1,60,H0061,2020-12-06,155.407423,146.72839673199837,-8.679026268001621
ridge,fold_2,61,H0062,2023-02-23,156.473576,167.80903809182573,11.335462091825718
ridge,fold_3,62,H0063,2024-07-15,123.259631,121.13297921006185,-2.126651789938151
ridge,fold_2,63,H0064,2022-05-11,134.103334,131.73818943893775,-2.3651445610622375
ridge,fold_1,65,H0066,2020-08-29,200.898625,173.76778782459286,-27.13083717540715
ridge,fold_2,67,H0068,2022-09-19,118.917863,124.56770964162033,5.649846641620329
ridge,fold_2,71,H0072,2022-08-09,139.641015,159.02308309610888,19.382068096108867
ridge,fold_1,75,H0076,2021-05-26,141.137948,138.1685923960071,-2.969355603992881
ridge,fold_3,78,H0079,2023-12-12,118.615149,131.81983766134428,13.204688661344278
ridge,fold_2,79,H0080,2023-01-02,194.38275,198.36310005188824,3.9803500518882515
ridge,fold_1,80,H0081,2021-07-01,126.998558,144.273316728336,17.274758728335996
ridge,fold_3,81,H0082,2023-03-27,143.154096,140.253353284742,-2.900742715258019
ridge,fold_2,84,H0085,2023-01-12,143.052677,138.03786745959383,-5.014809540406162
ridge,fold_3,87,H0088,2023-11-15,176.139532,172.78778142489554,-3.351750575104461
ridge,fold_3,88,H0089,2023-04-30,146.723595,133.24746264473254,-13.476132355267453
ridge,fold_1,89,H0090,2021-08-13,144.581428,167.8391238819899,23.257695881989918
ridge,fold_2,90,H0091,2021-10-20,142.905141,167.3277426521994,24.422601652199404
ridge,fold_2,91,H0092,2023-01-13,149.994928,157.13332202021107,7.138394020211081
ridge,fold_3,92,H0093,2024-02-08,165.295584,162.14645346331108,-3.149130536688915
ridge,fold_1,93,H0094,2021-04-23,156.65485,134.99391976019598,-21.66093023980403
ridge,fold_3,96,H0097,2024-01-11,126.645387,133.38400739338138,6.738620393381382
ridge,fold_1,98,H0099,2021-07-14,130.193525,124.30536000126915,-5.8881649987308435
ridge,fold_2,100,H0101,2022-01-18,172.812894,144.11866897354304,-28.694225026456962
ridge,fold_1,101,H0102,2020-05-24,121.660846,130.83841464520242,9.177568645202413
ridge,fold_3,103,H0104,2024-06-03,140.94746,143.90891705739793,2.961457057397922
ridge,fold_3,104,H0105,2023-09-25,137.547889,126.49105034037905,-11.05683865962095
ridge,fold_3,105,H0106,2023-04-01,149.56439,141.57060626593452,-7.993783734065488
ridge,fold_3,106,H0107,2024-01-09,141.316391,164.40352885581842,23.087137855818412
ridge,fold_2,107,H0108,2022-04-06,118.277004,126.79064067694104,8.513636676941033
ridge,fold_3,111,H0112,2023-03-06,172.74858,167.214008159467,-5.534571840533005
ridge,fold_3,113,H0114,2024-01-24,124.20688,136.1271544377857,11.920274437785693
ridge,fold_3,114,H0115,2023-12-04,168.008939,165.19461527174,-2.814323728260007
ridge,fold_1,118,H0119,2020-09-24,179.01803,160.35839599264287,-18.65963400735714
ridge,fold_3,124,H0125,2024-05-02,160.430043,147.398937996727,-13.031105003273012
ridge,fold_3,127,H0128,2023-05-28,129.687754,123.15690242054875,-6.530851579451266
ridge,fold_3,128,H0129,2023-07-03,197.070001,178.39339558658077,-18.676605413419225
ridge,fold_3,130,H0131,2023-03-30,167.00117,144.1546098009064,-22.846560199093602
ridge,fold_3,131,H0132,2023-04-26,141.788244,128.02014263997913,-13.768101360020864
ridge,fold_3,132,H0133,2024-03-03,169.085419,167.80144028082046,-1.2839787191795438
ridge,fold_1,133,H0134,2021-05-09,110.674359,132.71611746759712,22.04175846759712
ridge,fold_2,135,H0136,2022-12-31,154.011252,136.05257725277949,-17.958674747220527
ridge,fold_1,140,H0141,2020-06-11,173.632595,169.53322723611828,-4.09936776388173
ridge,fold_1,141,H0142,2021-03-05,132.750505,126.31718774723032,-6.433317252769683
ridge,fold_3,144,H0145,2023-04-16,167.175082,160.42839872197425,-6.746683278025756
ridge,fold_1,145,H0146,2020-10-20,111.858898,132.89742912970496,21.038531129704964
ridge,fold_1,147,H0148,2020-12-13,140.570607,136.63061180116273,-3.9399951988372663
ridge,fold_3,148,H0149,2023-04-19,162.084136,154.41339467243023,-7.670741327569772
ridge,fold_3,149,H0150,2023-05-19,125.460151,121.02816225711499,-4.431988742885011
ridge,fold_1,152,H0153,2021-06-07,183.667784,174.63302026245813,-9.03476373754188
ridge,fold_1,154,H0155,2020-09-23,122.203993,136.76235406762092,14.558361067620922
ridge,fold_1,156,H0157,2020-11-27,143.670765,137.39158857130155,-6.279176428698435
ridge,fold_1,157,H0158,2021-05-06,186.291265,158.2860246202842,-28.005240379715815
ridge,fold_3,158,H0159,2024-05-09,173.98285,148.6120435020035,-25.37080649799651
ridge,fold_2,159,H0160,2022-12-23,147.096345,147.49892902538696,0.40258402538694327
ridge,fold_3,162,H0163,2024-07-10,153.805134,156.6330144242732,2.8278804242731894
ridge,fold_1,165,H0166,2020-11-10,140.48468,156.81152508018232,16.326845080182323
ridge,fold_3,167,H0168,2023-10-16,107.402665,125.54971666595797,18.147051665957974
ridge,fold_3,172,H0173,2023-04-20,151.026066,173.96601398156702,22.93994798156703
ridge,fold_2,176,H0177,2023-02-22,133.161928,134.03589952186556,0.8739715218655704
ridge,fold_3,177,H0178,2024-01-30,144.932831,158.98021125832375,14.047380258323756
ridge,fold_2,178,H0179,2022-10-29,114.748879,123.02520876976517,8.27632976976517
ridge,fold_3,179,H0180,2024-01-18,101.212102,122.73462760381219,21.522525603812184
ridge,fold_3,180,H0181,2024-05-24,201.412845,175.50749462597554,-25.905350374024465
ridge,fold_3,181,H0182,2023-08-16,139.8981,146.54050035076307,6.642400350763069
ridge,fold_1,182,H0183,2021-03-14,145.242497,140.55285486765683,-4.6896421323431525
ridge,fold_3,183,H0184,2023-06-07,134.304233,140.03622681651512,5.731993816515114
ridge,fold_3,184,H0185,2024-06-18,97.696023,124.56889367889002,26.872870678890024
ridge,fold_1,185,H0186,2020-08-24,145.542835,155.0514482174026,9.508613217402598
ridge,fold_2,186,H0187,2021-12-19,139.479896,133.38491945773433,-6.09497654226567
ridge,fold_1,191,H0192,2020-05-31,160.005412,137.64857105206,-22.356840947940015
ridge,fold_2,193,H0194,2022-02-24,119.995948,131.182386335729,11.186438335729008
ridge,fold_1,195,H0196,2021-05-10,150.308825,162.3294075132389,12.020582513238878
ridge,fold_1,200,H0201,2020-10-06,133.889569,147.2067299582859,13.31716095828591
ridge,fold_2,201,H0202,2021-10-28,136.016116,145.073529124335,9.057413124335
ridge,fold_3,203,H0204,2023-03-21,117.706484,118.39632361379674,0.6898396137967353
ridge,fold_1,204,H0205,2021-06-10,154.76783,123.4679786428074,-31.29985135719261
ridge,fold_2,205,H0206,2022-07-05,126.325033,143.60281862218733,17.277785622187324
ridge,fold_3,212,H0213,2024-06-29,156.576933,139.32588332859396,-17.251049671406037
ridge,fold_2,213,H0214,2022-02-26,114.53955,132.22612127786664,17.686571277866634
ridge,fold_3,223,H0224,2023-11-19,135.693147,128.78090260269093,-6.912244397309081
ridge,fold_2,224,H0225,2022-02-18,174.549441,160.36039279327366,-14.18904820672634
ridge,fold_1,225,H0226,2021-07-04,112.989085,118.73128918364567,5.7422041836456685
ridge,fold_2,226,H0227,2022-05-11,193.324715,195.64215805617982,2.317443056179826
ridge,fold_3,227,H0228,2024-04-30,183.682726,176.88533877080195,-6.797387229198051
ridge,fold_2,231,H0232,2022-12-15,167.916254,170.5697820234189,2.653528023418886
ridge,fold_2,233,H0234,2021-12-20,139.267142,144.93696951421455,5.669827514214546
ridge,fold_3,234,H0235,2023-06-09,152.7288,148.27723377498435,-4.451566225015654
ridge,fold_1,241,H0242,2021-06-21,185.812781,173.77754844785164,-12.035232552148358
ridge,fold_1,245,H0246,2021-04-19,174.226941,170.49683504293728,-3.730105957062733
ridge,fold_2,247,H0248,2023-02-04,164.707407,175.60265432788472,10.895247327884732
ridge,fold_2,248,H0249,2022-08-29,150.087325,168.65820552770853,18.57088052770854
ridge,fold_2,250,H0251,2022-06-03,143.091883,144.479471726142,1.3875887261420132
ridge,fold_1,251,H0252,2021-03-30,129.746433,125.88258134641357,-3.8638516535864227
ridge,fold_3,252,H0253,2023-06-25,151.688584,162.72656191130216,11.037977911302164
ridge,fold_2,253,H0254,2022-02-23,114.302566,142.1813640106723,27.8787980106723
ridge,fold_3,254,H0255,2023-04-13,139.410331,131.37273932319187,-8.037591676808148
ridge,fold_3,256,H0257,2023-06-11,139.839053,138.79908519990624,-1.0399678000937627
ridge,fold_3,257,H0258,2024-02-21,147.756514,170.5158634922948,22.759349492294803
ridge,fold_1,258,H0259,2020-11-30,156.933124,142.8060296986172,-14.127094301382783
ridge,fold_3,259,H0260,2023-12-23,155.260785,156.54392072398917,1.2831357239891759
ridge,fold_3,263,H0264,2024-03-27,145.983842,130.63271749961703,-15.35112450038298
ridge,fold_3,264,H0265,2024-04-18,127.011051,135.25269465770847,8.24164365770848
ridge,fold_1,265,H0266,2021-09-05,122.86288,129.8415871107467,6.978707110746697
ridge,fold_3,267,H0268,2024-01-27,171.422696,164.55715360623785,-6.865542393762155
ridge,fold_1,268,H0269,2021-09-22,170.583356,165.9585666094389,-4.624789390561119
ridge,fold_1,269,H0270,2020-07-23,186.790711,159.1657126664901,-27.624998333509893
ridge,fold_3,271,H0272,2023-12-15,157.465107,161.0589097064188,3.5938027064188134
ridge,fold_2,272,H0273,2022-05-26,135.355501,128.66118506933904,-6.694315930660963
ridge,fold_3,280,H0281,2024-01-23,142.301879,154.20040361125257,11.898524611252554
ridge,fold_2,283,H0284,2022-03-06,125.253119,131.6644496279327,6.411330627932699
ridge,fold_3,284,H0285,2023-07-14,223.773217,185.62038520686502,-38.152831793134965
ridge,fold_1,285,H0286,2020-10-01,160.71384,146.7261753903964,-13.987664609603598
ridge,fold_1,292,H0293,2020-08-04,106.954368,124.78085448865382,17.826486488653813
ridge,fold_2,294,H0295,2023-02-23,121.350452,127.40440648538014,6.053954485380132
ridge,fold_1,296,H0297,2021-04-29,166.830316,166.36145305259413,-0.4688629474058814
ridge,fold_1,297,H0298,2021-09-04,137.631178,146.16134070775698,8.530162707756972
ridge,fold_3,301,H0302,2023-12-27,166.479026,152.8171171309725,-13.661908869027513
ridge,fold_3,304,H0305,2023-05-13,124.29625,130.10361796716197,5.807367967161966
ridge,fold_2,308,H0309,2022-08-16,123.531393,142.08000820792682,18.54861520792683
ridge,fold_3,311,H0312,2023-11-23,151.041177,151.20846163522,0.1672846352199997
ridge,fold_3,315,H0316,2024-07-27,160.585395,163.09692673306796,2.5115317330679545
ridge,fold_3,316,H0317,2023-10-04,134.198625,136.6115240246072,2.4128990246072135
ridge,fold_3,317,H0318,2024-06-22,110.68118,128.7369760221578,18.055796022157793
ridge,fold_1,320,H0321,2021-03-09,139.845247,132.1668791324152,-7.678367867584797
ridge,fold_1,321,H0322,2020-05-26,123.318123,139.43246944183693,16.11434644183693
ridge,fold_1,324,H0325,2021-01-12,137.021914,134.96807541991785,-2.0538385800821573
ridge,fold_1,325,H0326,2021-09-17,142.364009,148.44166954418756,6.077660544187552
ridge,fold_3,329,H0330,2024-06-29,166.197665,171.80491775759117,5.607252757591169
ridge,fold_3,330,H0331,2023-05-06,139.111444,128.85654246651433,-10.254901533485679
ridge,fold_2,331,H0332,2022-03-23,125.943393,119.63504652927635,-6.308346470723649
ridge,fold_2,332,H0333,2023-01-04,134.615772,141.50644906494932,6.89067706494933
ridge,fold_3,333,H0334,2023-10-13,164.715736,133.30299995874213,-31.41273604125786
ridge,fold_1,335,H0336,2021-09-21,145.075279,168.68901855985442,23.613739559854423
ridge,fold_2,336,H0337,2021-10-17,151.798498,171.71959135638417,19.921093356384176
ridge,fold_1,339,H0340,2021-09-03,164.852885,139.50617680558926,-25.346708194410724
ridge,fold_1,340,H0341,2020-09-06,150.579586,144.35140798663875,-6.2281780133612585
ridge,fold_1,342,H0343,2020-07-31,107.806693,147.5742857348049,39.76759273480491
ridge,fold_3,343,H0344,2023-09-10,132.123547,133.97458607375887,1.8510390737588693
ridge,fold_2,344,H0345,2022-10-07,93.963404,137.45195256057897,43.48854856057898
ridge,fold_1,347,H0348,2020-09-25,170.113589,169.01442845564907,-1.099160544350923
ridge,fold_2,348,H0349,2022-06-09,158.525099,180.48227525561308,21.957176255613064
ridge,fold_2,350,H0351,2023-02-12,129.68708,127.81751597404815,-1.8695640259518598
ridge,fold_3,351,H0352,2024-01-04,134.163869,127.43443715476599,-6.729431845234018
ridge,fold_3,353,H0354,2023-09-30,160.106154,153.34547910851708,-6.760674891482921
ridge,fold_1,355,H0356,2020-05-07,170.691275,165.43619199441355,-5.255083005586442
ridge,fold_3,356,H0357,2023-07-29,113.792679,128.97273299819574,15.180053998195731
ridge,fold_3,360,H0361,2023-04-15,196.456808,175.2614814100252,-21.195326589974798
ridge,fold_2,361,H0362,2022-03-07,134.690669,172.12506571223437,37.43439671223436
ridge,fold_1,363,H0364,2021-09-15,124.763049,123.33570902483562,-1.4273399751643723
ridge,fold_3,365,H0366,2024-07-14,162.447747,161.2130273659845,-1.234719634015505
ridge,fold_1,367,H0368,2021-07-22,108.146926,137.76567779367244,29.618751793672445
ridge,fold_3,368,H0369,2023-08-26,155.222482,157.86282072152756,2.6403387215275416
ridge,fold_2,371,H0372,2022-05-19,145.14254,138.89608574049092,-6.246454259509079
ridge,fold_2,372,H0373,2022-01-27,176.808131,174.38165137247753,-2.4264796275224683
ridge,fold_1,373,H0374,2020-06-06,127.389307,140.3814572667446,12.992150266744602
ridge,fold_1,374,H0375,2021-06-29,139.362192,142.1739095770298,2.8117175770298104
ridge,fold_3,377,H0378,2024-05-09,205.849381,171.926986974667,-33.922394025333006
ridge,fold_1,379,H0380,2020-05-16,172.945798,173.6738792945608,0.7280812945608091
ridge,fold_3,383,H0384,2023-12-16,138.844458,135.27602494129036,-3.568433058709644
ridge,fold_2,386,H0387,2022-08-18,170.651731,178.22706285066167,7.575331850661655
ridge,fold_3,389,H0390,2023-04-17,154.021642,159.06798394427327,5.046341944273252
ridge,fold_1,393,H0394,2021-08-15,111.578597,125.09904470176204,13.520447701762038
ridge,fold_1,395,H0396,2020-05-16,178.725791,161.22269466516408,-17.503096334835902
ridge,fold_1,396,H0397,2020-07-02,144.371266,142.54693561581377,-1.8243303841862257
ridge,fold_3,397,H0398,2023-11-09,114.609569,127.88852360599226,13.278954605992269
ridge,fold_1,398,H0399,2021-01-03,171.095287,178.1852694301841,7.0899824301840795
ridge,fold_2,399,H0400,2021-11-05,153.707065,133.7969167511938,-19.910148248806195
ridge,fold_2,400,H0401,2023-02-10,142.038459,135.67132171438152,-6.367137285618469
ridge,fold_3,401,H0402,2023-06-16,159.729596,170.4847383103213,10.755142310321304
ridge,fold_3,403,H0404,2023-08-07,187.859592,164.5613578422526,-23.2982341577474
ridge,fold_3,404,H0405,2023-07-09,118.540631,131.7439334331836,13.203302433183595
ridge,fold_3,405,H0406,2024-06-12,125.974779,145.245627637686,19.270848637686
ridge,fold_1,409,H0410,2021-03-19,189.072061,172.80596262142922,-16.266098378570774
ridge,fold_2,410,H0411,2022-07-10,154.081179,160.21861966066814,6.1374406606681475
ridge,fold_3,411,H0412,2023-07-28,136.491172,136.34821697449243,-0.14295502550757533
ridge,fold_3,412,H0413,2024-01-21,113.519252,123.17645489982542,9.657202899825421
ridge,fold_3,413,H0414,2023-07-07,124.980555,139.27714128041288,14.296586280412882
ridge,fold_1,414,H0415,2020-08-21,192.431917,153.53892117575418,-38.892995824245816
ridge,fold_3,415,H0416,2024-01-21,115.203741,132.56414913013248,17.360408130132484
ridge,fold_2,418,H0419,2022-10-12,155.775204,137.6116336536913,-18.16357034630869
ridge,fold_3,420,H0421,2023-05-15,123.64581,140.51778849372042,16.87197849372042
ridge,fold_2,424,H0425,2022-07-14,126.998285,137.41437765726766,10.416092657267669
ridge,fold_1,426,H0427,2020-12-10,153.099936,140.5849609813927,-12.514975018607316
ridge,fold_2,427,H0428,2023-02-13,138.586693,140.9304619834854,2.343768983485404
ridge,fold_1,432,H0433,2020-09-28,116.458741,130.660624652334,14.201883652334004
ridge,fold_2,435,H0436,2022-06-25,127.021477,127.8140794171277,0.7926024171276964
ridge,fold_3,438,H0439,2023-04-27,109.779947,121.86705843017747,12.087111430177458
ridge,fold_1,440,H0441,2020-10-08,133.583156,137.31509151223923,3.7319355122392324
ridge,fold_3,441,H0442,2024-04-24,127.138594,127.61231240782381,0.47371840782381014
ridge,fold_1,442,H0443,2021-01-31,110.844249,119.20292650441743,8.358677504417429
ridge,fold_2,444,H0445,2022-01-13,129.391394,132.91625326906708,3.5248592690670932
ridge,fold_3,446,H0447,2024-07-11,141.053611,145.1503163957431,4.0967053957431006
ridge,fold_1,447,H0448,2020-07-07,225.413883,176.0881383779957,-49.325744622004294
ridge,fold_2,449,H0450,2022-10-03,155.87706,170.09740796360094,14.220347963600943
ridge,fold_3,451,H0452,2024-04-28,111.612226,116.68029590664517,5.068069906645164
ridge,fold_1,452,H0453,2020-10-23,149.672141,121.34575572014474,-28.326385279855273
ridge,fold_2,456,H0457,2022-06-21,138.478522,131.9278501238083,-6.5506718761917
ridge,fold_3,457,H0458,2023-07-06,191.454009,163.16275566531,-28.291253334690026
ridge,fold_3,458,H0459,2023-11-24,151.759356,157.53454471446648,5.775188714466481
ridge,fold_1,461,H0462,2020-12-26,199.194383,177.84035883722973,-21.35402416277026
ridge,fold_3,465,H0466,2023-10-10,157.778394,151.84640979617356,-5.931984203826431
ridge,fold_2,466,H0467,2022-11-14,137.648167,133.14999304182564,-4.4981739581743625
ridge,fold_1,468,H0469,2020-07-16,134.688036,117.86419300159784,-16.82384299840217
ridge,fold_3,471,H0472,2024-05-24,156.637781,166.7615214564409,10.123740456440913
ridge,fold_3,472,H0473,2023-08-07,169.47359,170.23205987666216,0.7584698766621614
ridge,fold_3,473,H0474,2023-09-19,177.087355,166.45092067163597,-10.636434328364032
ridge,fold_1,474,H0475,2021-06-01,138.489522,142.67263775749362,4.183115757493624
ridge,fold_1,475,H0476,2020-12-05,150.998391,157.35003872843805,6.351647728438053
ridge,fold_3,476,H0477,2023-03-21,143.872059,156.82321031285116,12.951151312851152
ridge,fold_3,482,H0483,2023-07-10,154.414356,158.94167189098246,4.5273158909824645
ridge,fold_1,485,H0486,2021-02-25,159.040022,167.4512871516118,8.411265151611815
ridge,fold_2,486,H0487,2022-11-20,144.319948,150.4043198616604,6.084371861660401
ridge,fold_3,488,H0489,2024-04-07,172.821716,160.73130494483155,-12.09041105516846
ridge,fold_3,490,H0491,2023-04-28,148.347794,151.1225580816533,2.774764081653302
ridge,fold_2,493,H0494,2022-05-19,129.701953,132.37840732178205,2.676454321782046
ridge,fold_2,494,H0495,2022-05-15,118.781653,123.62327899655315,4.841625996553148
ridge,fold_3,495,H0496,2024-07-14,131.922512,137.41234077632433,5.489828776324316
ridge,fold_3,497,H0498,2023-12-13,151.566632,154.93674886781176,3.3701168678117597
ridge,fold_1,498,H0499,2021-09-28,132.844566,120.3929601020417,-12.451605897958288
ridge,fold_1,502,H0503,2020-11-11,141.482493,131.91356475802834,-9.568928241971662
ridge,fold_2,505,H0506,2022-11-19,159.052446,140.21329767489394,-18.839148325106066
ridge,fold_3,506,H0507,2023-11-18,185.751791,179.12677658369145,-6.625014416308545
ridge,fold_3,508,H0509,2024-05-18,152.629763,149.71925499135318,-2.910508008646815
ridge,fold_2,509,H0510,2022-09-19,192.69365,165.84420933115203,-26.84944066884796
ridge,fold_1,511,H0512,2021-06-21,173.589992,150.86823484977785,-22.721757150222146
ridge,fold_3,512,H0513,2023-11-21,153.041636,157.57267928195654,4.531043281956528
ridge,fold_1,513,H0514,2021-09-16,112.790986,140.23900354658142,27.44801754658141
ridge,fold_1,514,H0515,2020-11-30,187.923029,164.7185949266156,-23.20443407338442
ridge,fold_1,515,H0516,2021-03-05,142.986507,144.7615855936614,1.7750785936614193
ridge,fold_1,522,H0523,2020-05-11,165.210453,129.56414164557967,-35.646311354420334
ridge,fold_2,523,H0524,2022-10-20,98.2832,123.02297393221873,24.73977393221874
ridge,fold_2,524,H0525,2022-10-14,134.240011,132.13204693361718,-2.1079640663828343
ridge,fold_3,525,H0526,2024-02-29,148.711613,144.16568805421204,-4.545924945787959
ridge,fold_1,527,H0528,2021-04-04,158.814774,167.2210887406969,8.4063147406969
ridge,fold_3,528,H0529,2024-02-03,147.160487,143.4655635395215,-3.694923460478492
ridge,fold_2,529,H0530,2022-04-14,147.82961,149.93259891453783,2.102988914537832
ridge,fold_2,531,H0532,2021-12-17,158.298771,151.1541045707323,-7.144666429267687
ridge,fold_3,533,H0534,2024-01-07,130.818441,143.8276391853357,13.009198185335691
ridge,fold_2,535,H0536,2023-02-20,194.675283,178.76020053490646,-15.915082465093548
ridge,fold_2,540,H0541,2022-08-25,141.057172,131.1005776839677,-9.956594316032295
ridge,fold_1,541,H0542,2021-03-28,153.42246,148.43045354633352,-4.992006453666477
ridge,fold_1,543,H0544,2021-07-26,139.363503,137.18377887273806,-2.1797241272619488
ridge,fold_3,545,H0546,2023-11-30,129.121245,128.2577043809502,-0.8635406190497861
ridge,fold_3,546,H0547,2024-01-06,112.029962,127.35423303740052,15.324271037400521
ridge,fold_1,549,H0550,2021-01-01,147.165366,152.91490317229767,5.749537172297664
ridge,fold_3,552,H0553,2024-02-25,154.843412,140.04824120186098,-14.795170798139026
ridge,fold_3,553,H0554,2024-04-14,130.773201,128.86632635378245,-1.9068746462175454
ridge,fold_1,556,H0557,2020-12-07,130.158219,132.67540327720337,2.51718427720337
ridge,fold_3,558,H0559,2024-01-16,121.482374,138.6787608818907,17.196386881890703
ridge,fold_2,559,H0560,2022-07-03,164.313743,166.7303107257777,2.4165677257777247
ridge,fold_2,561,H0562,2021-11-22,136.948025,149.29061532036962,12.342590320369624
ridge,fold_2,562,H0563,2023-01-16,130.480645,131.01036380496873,0.5297188049687236
ridge,fold_1,566,H0567,2020-12-03,121.54532,125.73019065043582,4.184870650435812
ridge,fold_1,567,H0568,2021-03-28,128.414645,135.27789045769939,6.863245457699378
ridge,fold_3,569,H0570,2024-02-23,139.712011,128.8368344159537,-10.8751765840463
ridge,fold_2,573,H0574,2022-12-12,203.732706,169.0937772414237,-34.6389287585763
ridge,fold_2,575,H0576,2021-11-08,106.693541,119.96208088197606,13.268539881976068
ridge,fold_3,578,H0579,2023-03-02,185.402319,159.8266693270945,-25.575649672905513
ridge,fold_3,579,H0580,2023-11-18,152.297587,156.87596088241438,4.5783738824143825
ridge,fold_1,581,H0582,2021-09-15,203.028468,157.38696512913708,-45.64150287086292
ridge,fold_2,582,H0583,2022-03-31,116.771074,120.99330100602282,4.22222700602282
ridge,fold_2,583,H0584,2022-04-14,125.65067,120.99330100602282,-4.657368993977187
ridge,fold_2,584,H0585,2022-04-26,119.708128,140.69834527441822,20.990217274418214
ridge,fold_3,586,H0587,2024-06-17,124.615442,142.04349309911987,17.42805109911987
ridge,fold_2,588,H0589,2022-02-16,130.719169,136.35518837283496,5.636019372834966
ridge,fold_1,589,H0590,2020-12-19,106.175706,144.1705556276598,37.994849627659804
ridge,fold_2,591,H0592,2022-10-24,131.682477,123.56778037604828,-8.11469662395173
ridge,fold_1,592,H0593,2020-12-22,179.727125,152.79529059162005,-26.931834408379956
ridge,fold_3,597,H0598,2023-06-26,127.387591,146.74111200356973,19.353521003569725
ridge,fold_2,598,H0599,2021-11-26,194.0406,178.64178555968059,-15.398814440319427
ridge,fold_3,599,H0600,2024-02-06,151.330618,143.3255033338488,-8.0051146661512
ridge,fold_1,601,H0602,2021-01-14,127.706965,126.99134184581806,-0.7156231541819409
ridge,fold_1,602,H0603,2020-06-26,125.244514,133.6307724619838,8.386258461983815
ridge,fold_2,605,H0606,2022-06-06,105.020449,126.39216109711975,21.371712097119755
ridge,fold_2,606,H0607,2021-11-02,107.224936,122.13357358145548,14.90863758145548
ridge,fold_2,608,H0609,2022-09-22,166.190016,164.4747982268552,-1.7152177731448148
ridge,fold_3,609,H0610,2024-01-31,134.959825,138.8224898319904,3.8626648319904007
ridge,fold_2,610,H0611,2022-09-30,155.771214,172.81923112910033,17.048017129100344
ridge,fold_1,611,H0612,2021-01-11,132.029839,123.1286668046825,-8.901172195317514
ridge,fold_3,614,H0615,2024-03-17,136.116076,147.96230027710993,11.84622427710994
ridge,fold_3,617,H0618,2023-12-08,113.51782,139.56588031430158,26.04806031430158
ridge,fold_3,618,H0619,2024-04-15,140.841682,141.75901434334548,0.9173323433454925
ridge,fold_1,627,H0628,2020-08-11,137.741162,131.01285265760612,-6.728309342393885
ridge,fold_1,628,H0629,2021-09-04,148.116188,126.75010174175529,-21.366086258244707
ridge,fold_2,629,H0630,2022-04-09,127.845275,145.0039682720838,17.158693272083795
ridge,fold_2,630,H0631,2023-02-04,170.199875,179.95701976665123,9.757144766651237
ridge,fold_3,631,H0632,2023-04-08,167.415438,166.44789932072553,-0.9675386792744689
ridge,fold_1,632,H0633,2020-06-06,175.249614,183.66379745897967,8.414183458979664
ridge,fold_1,633,H0634,2021-04-26,184.516947,157.91684428528555,-26.60010271471444
ridge,fold_3,635,H0636,2024-05-27,119.449952,126.42170469108234,6.971752691082344
ridge,fold_2,637,H0638,2022-11-11,172.114066,140.18509048202677,-31.928975517973242
ridge,fold_1,638,H0639,2020-08-19,137.019615,146.84077519140084,9.82116019140085
ridge,fold_1,639,H0640,2021-06-30,125.55018,114.02548811961951,-11.524691880380487
ridge,fold_1,640,H0641,2020-08-04,116.601689,127.67710184010951,11.075412840109522
ridge,fold_2,644,H0645,2021-11-04,176.233289,152.80908677209922,-23.424202227900793
ridge,fold_3,645,H0646,2024-04-04,110.775019,131.6951146380552,20.9200956380552
ridge,fold_1,646,H0647,2020-07-19,105.219867,116.54803230229442,11.328165302294423
ridge,fold_2,647,H0648,2021-11-23,153.192398,158.97642341072765,5.784025410727651
ridge,fold_1,649,H0650,2020-08-09,139.154641,125.74832810339589,-13.406312896604106
ridge,fold_1,650,H0651,2020-12-06,123.618484,128.10169002719778,4.483206027197781
ridge,fold_2,652,H0653,2022-03-17,123.690005,132.5466539718931,8.856648971893108
ridge,fold_3,653,H0654,2024-03-15,185.112735,175.18507110032616,-9.927663899673831
ridge,fold_2,654,H0655,2022-03-18,144.218166,130.0329482070006,-14.185217792999396
ridge,fold_3,655,H0656,2023-12-12,136.551085,151.91617107233824,15.365086072338244
ridge,fold_2,657,H0658,2021-10-03,171.519427,153.96197710493692,-17.557449895063087
ridge,fold_1,658,H0659,2021-05-23,168.35803,168.88542523202202,0.5273952320220019
ridge,fold_3,662,H0663,2023-10-26,176.292889,157.20126200239122,-19.091626997608785
ridge,fold_1,663,H0664,2020-06-18,133.415695,133.5394008328516,0.12370583285161274
ridge,fold_1,667,H0668,2021-03-06,100.724212,120.73597657294522,20.011764572945225
ridge,fold_1,668,H0669,2021-04-22,127.782479,128.3889266119131,0.6064476119130973
ridge,fold_3,672,H0673,2023-11-25,122.407017,124.76215435541548,2.3551373554154793
ridge,fold_1,674,H0675,2021-02-09,155.038059,145.66213380904694,-9.375925190953069
ridge,fold_2,675,H0676,2022-07-30,127.871087,130.62818097643816,2.7570939764381563
ridge,fold_1,678,H0679,2021-02-21,119.815317,126.05928258478815,6.243965584788157
ridge,fold_2,679,H0680,2022-11-07,183.255159,167.9514435831859,-15.3037154168141
ridge,fold_1,680,H0681,2021-08-18,153.60066,157.0401060381151,3.4394460381151077
ridge,fold_2,681,H0682,2021-10-12,138.325289,132.60692803666035,-5.718360963339649
ridge,fold_2,683,H0684,2022-08-11,157.725541,138.22333671046684,-19.502204289533154
ridge,fold_2,684,H0685,2022-05-21,186.31524,166.98880091813362,-19.32643908186637
ridge,fold_1,685,H0686,2021-01-03,140.247781,127.30835350356611,-12.939427496433893
ridge,fold_2,686,H0687,2022-08-11,161.752058,151.4325812076858,-10.319476792314191
ridge,fold_1,688,H0689,2021-03-09,133.307227,127.91822884522836,-5.388998154771656
ridge,fold_2,690,H0691,2022-11-01,114.226275,135.61036333194204,21.38408833194204
ridge,fold_2,694,H0695,2022-10-16,131.568044,136.70353477274352,5.1354907727435375
ridge,fold_3,697,H0698,2024-05-31,126.422264,126.53772666625878,0.11546266625877877
ridge,fold_2,698,H0699,2022-06-25,139.432085,139.3985468677081,-0.03353813229190905
ridge,fold_3,699,H0700,2024-07-21,196.190354,178.4978296656078,-17.692524334392203
svr_rbf,fold_1,3,H0004,2021-07-25,183.694985,168.3356077290445,-15.359377270955491
svr_rbf,fold_2,6,H0007,2022-09-24,129.480289,149.39631246188097,19.916023461880968
svr_rbf,fold_2,7,H0008,2023-01-11,121.154322,132.29615129441976,11.141829294419765
svr_rbf,fold_2,8,H0009,2022-06-06,139.293116,136.33312174707453,-2.959994252925469
svr_rbf,fold_1,11,H0012,2020-06-30,183.243903,163.60146827347052,-19.642434726529473
svr_rbf,fold_1,13,H0014,2020-09-07,170.796794,134.5342790709379,-36.26251492906209
svr_rbf,fold_3,15,H0016,2023-04-08,149.953225,166.2614385550268,16.30821355502681
svr_rbf,fold_3,17,H0018,2024-04-30,119.620279,143.08501581474732,23.464736814747326
svr_rbf,fold_1,18,H0019,2021-02-04,143.476193,160.04906310277073,16.572870102770736
svr_rbf,fold_1,19,H0020,2020-11-15,189.77568,151.79318505132798,-37.98249494867201
svr_rbf,fold_3,21,H0022,2023-04-29,160.716911,130.51774745344926,-30.19916354655075
svr_rbf,fold_1,23,H0024,2021-09-16,135.598247,139.7440792672328,4.145832267232805
svr_rbf,fold_3,25,H0026,2023-12-05,139.17006,146.68105592184773,7.510995921847723
svr_rbf,fold_2,27,H0028,2022-04-26,149.924119,131.18752070780963,-18.736598292190365
svr_rbf,fold_1,28,H0029,2020-07-10,162.864843,147.13605862845074,-15.728784371549267
svr_rbf,fold_1,29,H0030,2021-08-16,165.512334,168.2217280999041,2.7093940999041024
svr_rbf,fold_2,30,H0031,2022-08-31,141.977017,135.67846596151276,-6.298551038487233
svr_rbf,fold_2,32,H0033,2022-07-28,147.233426,136.29843858159109,-10.934987418408923
svr_rbf,fold_2,34,H0035,2022-02-06,149.268617,133.4185625434074,-15.850054456592602
svr_rbf,fold_3,37,H0038,2024-07-13,141.669636,151.0730410098504,9.403405009850417
svr_rbf,fold_1,38,H0039,2020-09-30,119.664683,133.8122677249955,14.147584724995511
svr_rbf,fold_2,39,H0040,2022-02-22,159.589876,152.45510559480869,-7.134770405191318
svr_rbf,fold_2,40,H0041,2022-03-17,131.270653,131.44027758068353,0.16962458068351793
svr_rbf,fold_3,42,H0043,2023-03-17,153.628101,172.4241962933766,18.796095293376624
svr_rbf,fold_1,44,H0045,2021-05-15,131.832096,133.8921489575101,2.060052957510095
svr_rbf,fold_1,45,H0046,2020-11-15,127.350213,134.78666467212088,7.4364516721208815
svr_rbf,fold_3,47,H0048,2024-06-13,208.649234,168.99011687913,-39.65911712087001
svr_rbf,fold_1,48,H0049,2020-06-04,130.962653,164.71828529349685,33.75563229349686
svr_rbf,fold_2,49,H0050,2022-07-24,161.638,149.24643163778714,-12.391568362212865
svr_rbf,fold_1,50,H0051,2020-09-11,133.415175,146.58161141116847,13.166436411168462
svr_rbf,fold_3,51,H0052,2024-07-09,157.866639,141.01701181710152,-16.849627182898473
svr_rbf,fold_2,54,H0055,2023-01-22,119.47747,129.92577140853098,10.44830140853098
svr_rbf,fold_1,55,H0056,2021-03-17,148.335177,136.45874495284963,-11.87643204715036
svr_rbf,fold_2,56,H0057,2022-09-22,126.902781,132.96270127231543,6.0599202723154235
svr_rbf,fold_2,58,H0059,2022-04-15,136.78526,134.25539993710055,-2.529860062899445
svr_rbf,fold_1,60,H0061,2020-12-06,155.407423,156.98704208714366,1.5796190871436693
svr_rbf,fold_2,61,H0062,2023-02-23,156.473576,165.54651722063434,9.072941220634334
svr_rbf,fold_3,62,H0063,2024-07-15,123.259631,127.5289053012591,4.269274301259102
svr_rbf,fold_2,63,H0064,2022-05-11,134.103334,137.16649313850527,3.0631591385052843
svr_rbf,fold_1,65,H0066,2020-08-29,200.898625,155.26003521711982,-45.63858978288019
svr_rbf,fold_2,67,H0068,2022-09-19,118.917863,130.11784904658882,11.199986046588819
svr_rbf,fold_2,71,H0072,2022-08-09,139.641015,160.04869252215605,20.407677522156035
svr_rbf,fold_1,75,H0076,2021-05-26,141.137948,135.68470318093685,-5.453244819063144
svr_rbf,fold_3,78,H0079,2023-12-12,118.615149,133.52642033566505,14.911271335665049
svr_rbf,fold_2,79,H0080,2023-01-02,194.38275,166.08150364818098,-28.301246351819003
svr_rbf,fold_1,80,H0081,2021-07-01,126.998558,143.45910629972,16.46054829971999
svr_rbf,fold_3,81,H0082,2023-03-27,143.154096,145.840193670271,2.686097670270982
svr_rbf,fold_2,84,H0085,2023-01-12,143.052677,148.97058659369668,5.917909593696692
svr_rbf,fold_3,87,H0088,2023-11-15,176.139532,169.48212995871177,-6.657402041288236
svr_rbf,fold_3,88,H0089,2023-04-30,146.723595,133.73399589848574,-12.989599101514244
svr_rbf,fold_1,89,H0090,2021-08-13,144.581428,167.26876381577785,22.687335815777857
svr_rbf,fold_2,90,H0091,2021-10-20,142.905141,166.32837793995228,23.42323693995229
svr_rbf,fold_2,91,H0092,2023-01-13,149.994928,152.3095101486592,2.3145821486592126
svr_rbf,fold_3,92,H0093,2024-02-08,165.295584,162.7285137095554,-2.5670702904446046
svr_rbf,fold_1,93,H0094,2021-04-23,156.65485,135.2981510565771,-21.356698943422913
svr_rbf,fold_3,96,H0097,2024-01-11,126.645387,135.0358727444888,8.390485744488814
svr_rbf,fold_1,98,H0099,2021-07-14,130.193525,134.08985223631217,3.8963272363121746
svr_rbf,fold_2,100,H0101,2022-01-18,172.812894,147.74867359565306,-25.06422040434694
svr_rbf,fold_1,101,H0102,2020-05-24,121.660846,135.9305473240602,14.269701324060193
svr_rbf,fold_3,103,H0104,2024-06-03,140.94746,145.05768015760256,4.110220157602555
svr_rbf,fold_3,104,H0105,2023-09-25,137.547889,131.77168365057202,-5.776205349427983
svr_rbf,fold_3,105,H0106,2023-04-01,149.56439,137.60602156835014,-11.958368431649859
svr_rbf,fold_3,106,H0107,2024-01-09,141.316391,162.01492571042343,20.698534710423417
svr_rbf,fold_2,107,H0108,2022-04-06,118.277004,132.6836040314483,14.406600031448306
svr_rbf,fold_3,111,H0112,2023-03-06,172.74858,166.5984926358003,-6.150087364199692
svr_rbf,fold_3,113,H0114,2024-01-24,124.20688,134.07048582446282,9.863605824462823
svr_rbf,fold_3,114,H0115,2023-12-04,168.008939,164.39936375071252,-3.6095752492874738
svr_rbf,fold_1,118,H0119,2020-09-24,179.01803,163.56792748787058,-15.450102512129433
svr_rbf,fold_3,124,H0125,2024-05-02,160.430043,148.7885743130138,-11.641468686986201
svr_rbf,fold_3,127,H0128,2023-05-28,129.687754,129.74476585512846,0.05701185512845086
svr_rbf,fold_3,128,H0129,2023-07-03,197.070001,167.0579704091974,-30.012030590802595
svr_rbf,fold_3,130,H0131,2023-03-30,167.00117,151.54778615282595,-15.453383847174052
svr_rbf,fold_3,131,H0132,2023-04-26,141.788244,133.91465561835096,-7.873588381649029
svr_rbf,fold_3,132,H0133,2024-03-03,169.085419,165.11581370574243,-3.969605294257576
svr_rbf,fold_1,133,H0134,2021-05-09,110.674359,134.99671666993194,24.322357669931947
svr_rbf,fold_2,135,H0136,2022-12-31,154.011252,142.71953854974427,-11.291713450255742
svr_rbf,fold_1,140,H0141,2020-06-11,173.632595,165.38317088150157,-8.249424118498439
svr_rbf,fold_1,141,H0142,2021-03-05,132.750505,131.07203345414248,-1.6784715458575192
svr_rbf,fold_3,144,H0145,2023-04-16,167.175082,155.76356178768978,-11.411520212310222
svr_rbf,fold_1,145,H0146,2020-10-20,111.858898,136.05187400360717,24.19297600360717
svr_rbf,fold_1,147,H0148,2020-12-13,140.570607,140.66990542976308,0.09929842976308123
svr_rbf,fold_3,148,H0149,2023-04-19,162.084136,154.38278234514235,-7.701353654857655
svr_rbf,fold_3,149,H0150,2023-05-19,125.460151,132.39470264047912,6.934551640479128
svr_rbf,fold_1,152,H0153,2021-06-07,183.667784,162.3171411371821,-21.35064286281792
svr_rbf,fold_1,154,H0155,2020-09-23,122.203993,134.86608060277135,12.66208760277135
svr_rbf,fold_1,156,H0157,2020-11-27,143.670765,138.08218756962592,-5.588577430374073
svr_rbf,fold_1,157,H0158,2021-05-06,186.291265,158.01826560571658,-28.27299939428343
svr_rbf,fold_3,158,H0159,2024-05-09,173.98285,148.60338970137562,-25.379460298624394
svr_rbf,fold_2,159,H0160,2022-12-23,147.096345,132.40323202567302,-14.693112974326993
svr_rbf,fold_3,162,H0163,2024-07-10,153.805134,153.81047282250805,0.005338822508036856
svr_rbf,fold_1,165,H0166,2020-11-10,140.48468,159.42893474235507,18.94425474235507
svr_rbf,fold_3,167,H0168,2023-10-16,107.402665,131.76347360923512,24.36080860923512
svr_rbf,fold_3,172,H0173,2023-04-20,151.026066,170.03038793019311,19.00432193019313
svr_rbf,fold_2,176,H0177,2023-02-22,133.161928,132.66783976505417,-0.49408823494582066
svr_rbf,fold_3,177,H0178,2024-01-30,144.932831,162.6501023598355,17.717271359835507
svr_rbf,fold_2,178,H0179,2022-10-29,114.748879,134.75709594901878,20.008216949018774
svr_rbf,fold_3,179,H0180,2024-01-18,101.212102,126.6956137794934,25.483511779493398
svr_rbf,fold_3,180,H0181,2024-05-24,201.412845,155.0016400368695,-46.4112049631305
svr_rbf,fold_3,181,H0182,2023-08-16,139.8981,151.62026890744914,11.722168907449145
svr_rbf,fold_1,182,H0183,2021-03-14,145.242497,141.40510251881247,-3.8373944811875162
svr_rbf,fold_3,183,H0184,2023-06-07,134.304233,144.8621626205808,10.55792962058078
svr_rbf,fold_3,184,H0185,2024-06-18,97.696023,128.00021750228703,30.304194502287032
svr_rbf,fold_1,185,H0186,2020-08-24,145.542835,151.7377414188784,6.194906418878389
svr_rbf,fold_2,186,H0187,2021-12-19,139.479896,137.43572761970697,-2.04416838029303
svr_rbf,fold_1,191,H0192,2020-05-31,160.005412,135.53407821036217,-24.47133378963784
svr_rbf,fold_2,193,H0194,2022-02-24,119.995948,136.70930024634907,16.713352246349075
svr_rbf,fold_1,195,H0196,2021-05-10,150.308825,163.5266891878818,13.217864187881787
svr_rbf,fold_1,200,H0201,2020-10-06,133.889569,156.98984824693613,23.10027924693614
svr_rbf,fold_2,201,H0202,2021-10-28,136.016116,147.24120277823664,11.22508677823663
svr_rbf,fold_3,203,H0204,2023-03-21,117.706484,128.14532297029234,10.438838970292338
svr_rbf,fold_1,204,H0205,2021-06-10,154.76783,133.19422165826674,-21.573608341733262
svr_rbf,fold_2,205,H0206,2022-07-05,126.325033,138.98703353122096,12.662000531220954
svr_rbf,fold_3,212,H0213,2024-06-29,156.576933,138.35893671025013,-18.217996289749863
svr_rbf,fold_2,213,H0214,2022-02-26,114.53955,132.93173261022068,18.392182610220672
svr_rbf,fold_3,223,H0224,2023-11-19,135.693147,133.34421344887411,-2.3489335511258957
svr_rbf,fold_2,224,H0225,2022-02-18,174.549441,157.09672601891043,-17.45271498108957
svr_rbf,fold_1,225,H0226,2021-07-04,112.989085,133.59436639955814,20.605281399558137
svr_rbf,fold_2,226,H0227,2022-05-11,193.324715,168.22850114430992,-25.09621385569008
svr_rbf,fold_3,227,H0228,2024-04-30,183.682726,161.7040387701196,-21.978687229880393
svr_rbf,fold_2,231,H0232,2022-12-15,167.916254,168.05647508784926,0.14022108784925535
svr_rbf,fold_2,233,H0234,2021-12-20,139.267142,138.22700469940526,-1.0401373005947505
svr_rbf,fold_3,234,H0235,2023-06-09,152.7288,146.82020541327552,-5.90859458672449
svr_rbf,fold_1,241,H0242,2021-06-21,185.812781,164.79674330813276,-21.01603769186724
svr_rbf,fold_1,245,H0246,2021-04-19,174.226941,163.57494756641478,-10.651993433585233
svr_rbf,fold_2,247,H0248,2023-02-04,164.707407,165.01951086681603,0.3121038668160452
svr_rbf,fold_2,248,H0249,2022-08-29,150.087325,161.12169732344455,11.034372323444558
svr_rbf,fold_2,250,H0251,2022-06-03,143.091883,138.34101779271666,-4.75086520728334
svr_rbf,fold_1,251,H0252,2021-03-30,129.746433,129.82621509300412,0.07978209300412686
svr_rbf,fold_3,252,H0253,2023-06-25,151.688584,165.1121582127697,13.423574212769722
svr_rbf,fold_2,253,H0254,2022-02-23,114.302566,142.6417403338492,28.339174333849215
svr_rbf,fold_3,254,H0255,2023-04-13,139.410331,131.130233214319,-8.280097785681022
svr_rbf,fold_3,256,H0257,2023-06-11,139.839053,137.46589910134563,-2.3731538986543796
svr_rbf,fold_3,257,H0258,2024-02-21,147.756514,170.91364558594665,23.157131585946644
svr_rbf,fold_1,258,H0259,2020-11-30,156.933124,144.74862236438995,-12.184501635610047
svr_rbf,fold_3,259,H0260,2023-12-23,155.260785,149.43045293788086,-5.83033206211914
svr_rbf,fold_3,263,H0264,2024-03-27,145.983842,131.71564622898418,-14.268195771015826
svr_rbf,fold_3,264,H0265,2024-04-18,127.011051,131.90978229650037,4.898731296500372
svr_rbf,fold_1,265,H0266,2021-09-05,122.86288,133.5101897641381,10.647309764138086
svr_rbf,fold_3,267,H0268,2024-01-27,171.422696,164.21549217604075,-7.207203823959247
svr_rbf,fold_1,268,H0269,2021-09-22,170.583356,160.03747620244584,-10.545879797554164
svr_rbf,fold_1,269,H0270,2020-07-23,186.790711,160.77288599915414,-26.017825000845846
svr_rbf,fold_3,271,H0272,2023-12-15,157.465107,162.66696639014373,5.201859390143738
svr_rbf,fold_2,272,H0273,2022-05-26,135.355501,133.50274197541842,-1.8527590245815873
svr_rbf,fold_3,280,H0281,2024-01-23,142.301879,153.67664924933263,11.374770249332613
svr_rbf,fold_2,283,H0284,2022-03-06,125.253119,134.9040360746307,9.650917074630712
svr_rbf,fold_3,284,H0285,2023-07-14,223.773217,162.59615493637028,-61.177062063629705
svr_rbf,fold_1,285,H0286,2020-10-01,160.71384,138.4083157426845,-22.30552425731551
svr_rbf,fold_1,292,H0293,2020-08-04,106.954368,134.58887003217814,27.634502032178133
svr_rbf,fold_2,294,H0295,2023-02-23,121.350452,134.38535772622697,13.034905726226967
svr_rbf,fold_1,296,H0297,2021-04-29,166.830316,163.87666926234095,-2.9536467376590565
svr_rbf,fold_1,297,H0298,2021-09-04,137.631178,141.77523723729328,4.144059237293277
svr_rbf,fold_3,301,H0302,2023-12-27,166.479026,150.515768217917,-15.96325778208299
svr_rbf,fold_3,304,H0305,2023-05-13,124.29625,132.03090848705102,7.734658487051021
svr_rbf,fold_2,308,H0309,2022-08-16,123.531393,139.57770601627792,16.04631301627792
svr_rbf,fold_3,311,H0312,2023-11-23,151.041177,151.79392184755926,0.7527448475592564
svr_rbf,fold_3,315,H0316,2024-07-27,160.585395,159.70396949052312,-0.8814255094768839
svr_rbf,fold_3,316,H0317,2023-10-04,134.198625,135.17653292049866,0.9779079204986658
svr_rbf,fold_3,317,H0318,2024-06-22,110.68118,131.86071995681925,21.179539956819255
svr_rbf,fold_1,320,H0321,2021-03-09,139.845247,132.88504763581835,-6.960199364181648
svr_rbf,fold_1,321,H0322,2020-05-26,123.318123,143.15725455854434,19.839131558544338
svr_rbf,fold_1,324,H0325,2021-01-12,137.021914,137.14807929058716,0.12616529058715287
svr_rbf,fold_1,325,H0326,2021-09-17,142.364009,144.98905395023434,2.625044950234326
svr_rbf,fold_3,329,H0330,2024-06-29,166.197665,166.51651424271546,0.31884924271545856
svr_rbf,fold_3,330,H0331,2023-05-06,139.111444,132.88616487290346,-6.225279127096542
svr_rbf,fold_2,331,H0332,2022-03-23,125.943393,132.74918349190915,6.80579049190915
svr_rbf,fold_2,332,H0333,2023-01-04,134.615772,145.60574304395223,10.989971043952238
svr_rbf,fold_3,333,H0334,2023-10-13,164.715736,131.5826120099326,-33.13312399006739
svr_rbf,fold_1,335,H0336,2021-09-21,145.075279,163.3171898120397,18.24191081203969
svr_rbf,fold_2,336,H0337,2021-10-17,151.798498,169.10580085833996,17.307302858339966
svr_rbf,fold_1,339,H0340,2021-09-03,164.852885,141.66039809196283,-23.192486908037154
svr_rbf,fold_1,340,H0341,2020-09-06,150.579586,137.31602637121335,-13.263559628786652
svr_rbf,fold_1,342,H0343,2020-07-31,107.806693,143.59225644917683,35.785563449176834
svr_rbf,fold_3,343,H0344,2023-09-10,132.123547,130.80117777863597,-1.3223692213640277
svr_rbf,fold_2,344,H0345,2022-10-07,93.963404,132.68122071866742,38.71781671866742
svr_rbf,fold_1,347,H0348,2020-09-25,170.113589,162.06507508006553,-8.048513919934464
svr_rbf,fold_2,348,H0349,2022-06-09,158.525099,169.5050664121162,10.979967412116196
svr_rbf,fold_2,350,H0351,2023-02-12,129.68708,131.84273900465615,2.155659004656144
svr_rbf,fold_3,351,H0352,2024-01-04,134.163869,134.64678679614588,0.4829177961458697
svr_rbf,fold_3,353,H0354,2023-09-30,160.106154,156.91306722761638,-3.193086772383623
svr_rbf,fold_1,355,H0356,2020-05-07,170.691275,165.51912117652984,-5.172153823470154
svr_rbf,fold_3,356,H0357,2023-07-29,113.792679,137.67810223145682,23.885423231456812
svr_rbf,fold_3,360,H0361,2023-04-15,196.456808,169.9150203361843,-26.541787663815683
svr_rbf,fold_2,361,H0362,2022-03-07,134.690669,170.67734403555164,35.98667503555163
svr_rbf,fold_1,363,H0364,2021-09-15,124.763049,130.47043202308635,5.707383023086351
svr_rbf,fold_3,365,H0366,2024-07-14,162.447747,163.3207000659535,0.8729530659535101
svr_rbf,fold_1,367,H0368,2021-07-22,108.146926,139.83628908133605,31.689363081336055
svr_rbf,fold_3,368,H0369,2023-08-26,155.222482,164.55612202846413,9.333640028464117
svr_rbf,fold_2,371,H0372,2022-05-19,145.14254,133.48863751648082,-11.653902483519175
svr_rbf,fold_2,372,H0373,2022-01-27,176.808131,169.7939326381595,-7.014198361840499
svr_rbf,fold_1,373,H0374,2020-06-06,127.389307,136.03950758565344,8.650200585653437
svr_rbf,fold_1,374,H0375,2021-06-29,139.362192,140.28012933322324,0.9179373332232501
svr_rbf,fold_3,377,H0378,2024-05-09,205.849381,167.6663998927004,-38.18298110729958
svr_rbf,fold_1,379,H0380,2020-05-16,172.945798,168.0549418072606,-4.890856192739392
svr_rbf,fold_3,383,H0384,2023-12-16,138.844458,136.01453150141052,-2.8299264985894865
svr_rbf,fold_2,386,H0387,2022-08-18,170.651731,167.8697733995216,-2.781957600478421
svr_rbf,fold_3,389,H0390,2023-04-17,154.021642,156.51275863791122,2.4911166379112046
svr_rbf,fold_1,393,H0394,2021-08-15,111.578597,132.31780121718333,20.739204217183328
svr_rbf,fold_1,395,H0396,2020-05-16,178.725791,158.83724215681025,-19.88854884318974
svr_rbf,fold_1,396,H0397,2020-07-02,144.371266,137.25473168020298,-7.116534319797012
svr_rbf,fold_3,397,H0398,2023-11-09,114.609569,130.21404184450267,15.60447284450268
svr_rbf,fold_1,398,H0399,2021-01-03,171.095287,166.25122861675325,-4.844058383246761
svr_rbf,fold_2,399,H0400,2021-11-05,153.707065,141.26474073044517,-12.442324269554831
svr_rbf,fold_2,400,H0401,2023-02-10,142.038459,134.61643911583013,-7.422019884169856
svr_rbf,fold_3,401,H0402,2023-06-16,159.729596,165.5337553801892,5.804159380189219
svr_rbf,fold_3,403,H0404,2023-08-07,187.859592,162.7920990933171,-25.0674929066829
svr_rbf,fold_3,404,H0405,2023-07-09,118.540631,133.1582169873583,14.617585987358282
svr_rbf,fold_3,405,H0406,2024-06-12,125.974779,151.02360289044793,25.048823890447935
svr_rbf,fold_1,409,H0410,2021-03-19,189.072061,157.0537148163465,-32.01834618365348
svr_rbf,fold_2,410,H0411,2022-07-10,154.081179,160.97035811859956,6.889179118599571
svr_rbf,fold_3,411,H0412,2023-07-28,136.491172,134.97512130274418,-1.516050697255821
svr_rbf,fold_3,412,H0413,2024-01-21,113.519252,130.40509879021312,16.885846790213122
svr_rbf,fold_3,413,H0414,2023-07-07,124.980555,136.6621668670418,11.68161186704181
svr_rbf,fold_1,414,H0415,2020-08-21,192.431917,155.41745307154943,-37.01446392845057
svr_rbf,fold_3,415,H0416,2024-01-21,115.203741,130.90704844802994,15.703307448029946
svr_rbf,fold_2,418,H0419,2022-10-12,155.775204,136.74677783285034,-19.02842616714966
svr_rbf,fold_3,420,H0421,2023-05-15,123.64581,132.66558947936005,9.019779479360054
svr_rbf,fold_2,424,H0425,2022-07-14,126.998285,142.63226159877806,15.633976598778062
svr_rbf,fold_1,426,H0427,2020-12-10,153.099936,135.9755738464946,-17.124362153505416
svr_rbf,fold_2,427,H0428,2023-02-13,138.586693,140.5585894080588,1.9718964080587966
svr_rbf,fold_1,432,H0433,2020-09-28,116.458741,134.56503748947569,18.10629648947568
svr_rbf,fold_2,435,H0436,2022-06-25,127.021477,131.98811684335794,4.966639843357939
svr_rbf,fold_3,438,H0439,2023-04-27,109.779947,129.0366019021109,19.256654902110895
svr_rbf,fold_1,440,H0441,2020-10-08,133.583156,135.27526112418371,1.692105124183712
svr_rbf,fold_3,441,H0442,2024-04-24,127.138594,129.67872084567125,2.540126845671253
svr_rbf,fold_1,442,H0443,2021-01-31,110.844249,134.96125776808168,24.117008768081675
svr_rbf,fold_2,444,H0445,2022-01-13,129.391394,136.08053519852328,6.689141198523288
svr_rbf,fold_3,446,H0447,2024-07-11,141.053611,147.71994118450664,6.6663301845066485
svr_rbf,fold_1,447,H0448,2020-07-07,225.413883,154.2494311493769,-71.1644518506231
svr_rbf,fold_2,449,H0450,2022-10-03,155.87706,165.9942520137911,10.117192013791112
svr_rbf,fold_3,451,H0452,2024-04-28,111.612226,129.89729680978016,18.28507080978015
svr_rbf,fold_1,452,H0453,2020-10-23,149.672141,131.55220878370577,-18.119932216294245
svr_rbf,fold_2,456,H0457,2022-06-21,138.478522,132.04103110005434,-6.437490899945658
svr_rbf,fold_3,457,H0458,2023-07-06,191.454009,164.7843100669846,-26.66969893301541
svr_rbf,fold_3,458,H0459,2023-11-24,151.759356,163.58334141708428,11.823985417084288
svr_rbf,fold_1,461,H0462,2020-12-26,199.194383,164.9806152403995,-34.2137677596005
svr_rbf,fold_3,465,H0466,2023-10-10,157.778394,161.9585483845786,4.1801543845786
svr_rbf,fold_2,466,H0467,2022-11-14,137.648167,138.2986495363929,0.6504825363929001
svr_rbf,fold_1,468,H0469,2020-07-16,134.688036,130.7892828504117,-3.898753149588316
svr_rbf,fold_3,471,H0472,2024-05-24,156.637781,164.95512335839553,8.317342358395535
svr_rbf,fold_3,472,H0473,2023-08-07,169.47359,170.81300164111758,1.3394116411175787
svr_rbf,fold_3,473,H0474,2023-09-19,177.087355,165.85473512170614,-11.23261987829386
svr_rbf,fold_1,474,H0475,2021-06-01,138.489522,147.13605862845074,8.646536628450747
svr_rbf,fold_1,475,H0476,2020-12-05,150.998391,162.66641808577552,11.66802708577552
svr_rbf,fold_3,476,H0477,2023-03-21,143.872059,140.54424896870717,-3.3278100312928416
svr_rbf,fold_3,482,H0483,2023-07-10,154.414356,161.38782477286895,6.973468772868955
svr_rbf,fold_1,485,H0486,2021-02-25,159.040022,162.37164784466867,3.331625844668679
svr_rbf,fold_2,486,H0487,2022-11-20,144.319948,151.8177167202564,7.497768720256403
svr_rbf,fold_3,488,H0489,2024-04-07,172.821716,162.3278971046925,-10.493818895307498
svr_rbf,fold_3,490,H0491,2023-04-28,148.347794,150.10082042031038,1.7530264203103911
svr_rbf,fold_2,493,H0494,2022-05-19,129.701953,136.3041139916734,6.602160991673401
svr_rbf,fold_2,494,H0495,2022-05-15,118.781653,131.4112602919621,12.629607291962088
svr_rbf,fold_3,495,H0496,2024-07-14,131.922512,138.72292169602792,6.800409696027913
svr_rbf,fold_3,497,H0498,2023-12-13,151.566632,151.45567515027045,-0.110956849729547
svr_rbf,fold_1,498,H0499,2021-09-28,132.844566,131.63899537859925,-1.2055706214007387
svr_rbf,fold_1,502,H0503,2020-11-11,141.482493,133.49037046595276,-7.99212253404724
svr_rbf,fold_2,505,H0506,2022-11-19,159.052446,142.0011284758742,-17.051317524125807
svr_rbf,fold_3,506,H0507,2023-11-18,185.751791,169.76972849310724,-15.98206250689276
svr_rbf,fold_3,508,H0509,2024-05-18,152.629763,153.4086120496754,0.778849049675415
svr_rbf,fold_2,509,H0510,2022-09-19,192.69365,162.39279070540056,-30.300859294599434
svr_rbf,fold_1,511,H0512,2021-06-21,173.589992,152.7274414140657,-20.862550585934287
svr_rbf,fold_3,512,H0513,2023-11-21,153.041636,160.61555156901622,7.573915569016208
svr_rbf,fold_1,513,H0514,2021-09-16,112.790986,142.18886238091434,29.39787638091434
svr_rbf,fold_1,514,H0515,2020-11-30,187.923029,146.09804741168708,-41.82498158831294
svr_rbf,fold_1,515,H0516,2021-03-05,142.986507,140.91029647724363,-2.076210522756355
svr_rbf,fold_1,522,H0523,2020-05-11,165.210453,131.1862331512614,-34.024219848738596
svr_rbf,fold_2,523,H0524,2022-10-20,98.2832,129.97384753817317,31.69064753817318
svr_rbf,fold_2,524,H0525,2022-10-14,134.240011,134.25539993710055,0.015388937100539124
svr_rbf,fold_3,525,H0526,2024-02-29,148.711613,139.55936822891877,-9.152244771081229
svr_rbf,fold_1,527,H0528,2021-04-04,158.814774,165.1247898505619,6.310015850561911
svr_rbf,fold_3,528,H0529,2024-02-03,147.160487,140.92652168408137,-6.233965315918624
svr_rbf,fold_2,529,H0530,2022-04-14,147.82961,154.2369284212518,6.4073184212518015
svr_rbf,fold_2,531,H0532,2021-12-17,158.298771,134.51908858886986,-23.779682411130125
svr_rbf,fold_3,533,H0534,2024-01-07,130.818441,143.86640685645804,13.047965856458035
svr_rbf,fold_2,535,H0536,2023-02-20,194.675283,171.9440743610461,-22.731208638953916
svr_rbf,fold_2,540,H0541,2022-08-25,141.057172,134.39711522987207,-6.660056770127937
svr_rbf,fold_1,541,H0542,2021-03-28,153.42246,144.4493802551567,-8.97307974484329
svr_rbf,fold_1,543,H0544,2021-07-26,139.363503,138.01295175126947,-1.3505512487305396
svr_rbf,fold_3,545,H0546,2023-11-30,129.121245,133.89076420445173,4.76951920445174
svr_rbf,fold_3,546,H0547,2024-01-06,112.029962,132.50009981666656,20.470137816666565
svr_rbf,fold_1,549,H0550,2021-01-01,147.165366,148.66507556308224,1.4997095630822344
svr_rbf,fold_3,552,H0553,2024-02-25,154.843412,141.61182152125437,-13.23159047874563
svr_rbf,fold_3,553,H0554,2024-04-14,130.773201,130.7679006610573,-0.00530033894270332
svr_rbf,fold_1,556,H0557,2020-12-07,130.158219,135.23404941403652,5.075830414036517
svr_rbf,fold_3,558,H0559,2024-01-16,121.482374,134.11140336444964,12.62902936444965
svr_rbf,fold_2,559,H0560,2022-07-03,164.313743,163.07334080267856,-1.2404021973214299
svr_rbf,fold_2,561,H0562,2021-11-22,136.948025,148.74246174362432,11.794436743624317
svr_rbf,fold_2,562,H0563,2023-01-16,130.480645,135.35343937455264,4.872794374552626
svr_rbf,fold_1,566,H0567,2020-12-03,121.54532,134.92832290678012,13.38300290678012
svr_rbf,fold_1,567,H0568,2021-03-28,128.414645,133.91445308865514,5.499808088655129
svr_rbf,fold_3,569,H0570,2024-02-23,139.712011,130.611080444551,-9.100930555448997
svr_rbf,fold_2,573,H0574,2022-12-12,203.732706,167.10048678563373,-36.63221921436627
svr_rbf,fold_2,575,H0576,2021-11-08,106.693541,129.95496653311147,23.261425533111478
svr_rbf,fold_3,578,H0579,2023-03-02,185.402319,146.8227747269756,-38.579544273024396
svr_rbf,fold_3,579,H0580,2023-11-18,152.297587,163.7231763458285,11.425589345828513
svr_rbf,fold_1,581,H0582,2021-09-15,203.028468,160.19228726670627,-42.83618073329373
svr_rbf,fold_2,582,H0583,2022-03-31,116.771074,133.0348998683527,16.26382586835271
svr_rbf,fold_2,583,H0584,2022-04-14,125.65067,133.0348998683527,7.384229868352705
svr_rbf,fold_2,584,H0585,2022-04-26,119.708128,142.61756838697804,22.909440386978034
svr_rbf,fold_3,586,H0587,2024-06-17,124.615442,138.35808740115766,13.74264540115766
svr_rbf,fold_2,588,H0589,2022-02-16,130.719169,135.79096175600705,5.071792756007056
svr_rbf,fold_1,589,H0590,2020-12-19,106.175706,138.67409540222317,32.49838940222317
svr_rbf,fold_2,591,H0592,2022-10-24,131.682477,130.3225970016004,-1.359879998399606
svr_rbf,fold_1,592,H0593,2020-12-22,179.727125,146.26451225863806,-33.46261274136194
svr_rbf,fold_3,597,H0598,2023-06-26,127.387591,151.24123580676078,23.853644806760784
svr_rbf,fold_2,598,H0599,2021-11-26,194.0406,169.5808573540722,-24.459742645927804
svr_rbf,fold_3,599,H0600,2024-02-06,151.330618,145.51139741062795,-5.819220589372037
svr_rbf,fold_1,601,H0602,2021-01-14,127.706965,135.523005980466,7.816040980465999
svr_rbf,fold_1,602,H0603,2020-06-26,125.244514,135.9968342453565,10.7523202453565
svr_rbf,fold_2,605,H0606,2022-06-06,105.020449,131.83214693975572,26.811697939755717
svr_rbf,fold_2,606,H0607,2021-11-02,107.224936,132.86314407571808,25.638208075718083
svr_rbf,fold_2,608,H0609,2022-09-22,166.190016,165.12181078072535,-1.0682052192746596
svr_rbf,fold_3,609,H0610,2024-01-31,134.959825,137.22631604728,2.266491047279999
svr_rbf,fold_2,610,H0611,2022-09-30,155.771214,167.72871301817656,11.957499018176577
svr_rbf,fold_1,611,H0612,2021-01-11,132.029839,131.0789370741839,-0.9509019258161118
svr_rbf,fold_3,614,H0615,2024-03-17,136.116076,150.8870069414479,14.770930941447915
svr_rbf,fold_3,617,H0618,2023-12-08,113.51782,136.92009448097224,23.40227448097224
svr_rbf,fold_3,618,H0619,2024-04-15,140.841682,140.82815567882554,-0.01352632117445296
svr_rbf,fold_1,627,H0628,2020-08-11,137.741162,133.91265239895728,-3.8285096010427253
svr_rbf,fold_1,628,H0629,2021-09-04,148.116188,131.86985587218203,-16.246332127817965
svr_rbf,fold_2,629,H0630,2022-04-09,127.845275,139.10552036712616,11.26024536712616
svr_rbf,fold_2,630,H0631,2023-02-04,170.199875,170.59137410659233,0.39149910659233456
svr_rbf,fold_3,631,H0632,2023-04-08,167.415438,167.24870916983858,-0.16672883016141782
svr_rbf,fold_1,632,H0633,2020-06-06,175.249614,166.1312129045903,-9.118401095409695
svr_rbf,fold_1,633,H0634,2021-04-26,184.516947,160.0410508828379,-24.47589611716208
svr_rbf,fold_3,635,H0636,2024-05-27,119.449952,135.3400808182188,15.890128818218813
svr_rbf,fold_2,637,H0638,2022-11-11,172.114066,140.7310353346401,-31.38303066535991
svr_rbf,fold_1,638,H0639,2020-08-19,137.019615,135.94797936890373,-1.0716356310962567
svr_rbf,fold_1,639,H0640,2021-06-30,125.55018,131.96548053698666,6.415300536986663
svr_rbf,fold_1,640,H0641,2020-08-04,116.601689,134.1454731409249,17.543784140924913
svr_rbf,fold_2,644,H0645,2021-11-04,176.233289,147.22533339033276,-29.00795560966725
svr_rbf,fold_3,645,H0646,2024-04-04,110.775019,133.25718572090494,22.482166720904942
svr_rbf,fold_1,646,H0647,2020-07-19,105.219867,131.01295523644802,25.79308823644803
svr_rbf,fold_2,647,H0648,2021-11-23,153.192398,153.57539503325583,0.38299703325583323
svr_rbf,fold_1,649,H0650,2020-08-09,139.154641,135.75461802079835,-3.400022979201651
svr_rbf,fold_1,650,H0651,2020-12-06,123.618484,132.85668027876775,9.23819627876776
svr_rbf,fold_2,652,H0653,2022-03-17,123.690005,132.07085530068343,8.380850300683434
svr_rbf,fold_3,653,H0654,2024-03-15,185.112735,169.81393724694735,-15.29879775305264
svr_rbf,fold_2,654,H0655,2022-03-18,144.218166,133.7519318270966,-10.466234172903398
svr_rbf,fold_3,655,H0656,2023-12-12,136.551085,130.36471526728795,-6.186369732712052
svr_rbf,fold_2,657,H0658,2021-10-03,171.519427,132.56111740134168,-38.95830959865833
svr_rbf,fold_1,658,H0659,2021-05-23,168.35803,165.98870893146469,-2.369321068535328
svr_rbf,fold_3,662,H0663,2023-10-26,176.292889,165.16783425924012,-11.125054740759879
svr_rbf,fold_1,663,H0664,2020-06-18,133.415695,132.6627658652009,-0.7529291347991034
svr_rbf,fold_1,667,H0668,2021-03-06,100.724212,133.0522975780193,32.32808557801931
svr_rbf,fold_1,668,H0669,2021-04-22,127.782479,134.7364009958673,6.953921995867319
svr_rbf,fold_3,672,H0673,2023-11-25,122.407017,130.09360675663288,7.686589756632884
svr_rbf,fold_1,674,H0675,2021-02-09,155.038059,147.80575849895328,-7.232300501046723
svr_rbf,fold_2,675,H0676,2022-07-30,127.871087,133.74672142681328,5.875634426813278
svr_rbf,fold_1,678,H0679,2021-02-21,119.815317,134.03576005249488,14.220443052494886
svr_rbf,fold_2,679,H0680,2022-11-07,183.255159,166.67241023501197,-16.582748764988025
svr_rbf,fold_1,680,H0681,2021-08-18,153.60066,159.61418495257112,6.013524952571117
svr_rbf,fold_2,681,H0682,2021-10-12,138.325289,134.85670040052622,-3.468588599473776
svr_rbf,fold_2,683,H0684,2022-08-11,157.725541,140.38148069960286,-17.344060300397132
svr_rbf,fold_2,684,H0685,2022-05-21,186.31524,162.47415065375603,-23.84108934624396
svr_rbf,fold_1,685,H0686,2021-01-03,140.247781,134.2932663711222,-5.954514628877803
svr_rbf,fold_2,686,H0687,2022-08-11,161.752058,154.94325943260733,-6.808798567392671
svr_rbf,fold_1,688,H0689,2021-03-09,133.307227,130.9140005827089,-2.3932264172911175
svr_rbf,fold_2,690,H0691,2022-11-01,114.226275,130.89573651991162,16.66946151991162
svr_rbf,fold_2,694,H0695,2022-10-16,131.568044,129.3705569025666,-2.1974870974333953
svr_rbf,fold_3,697,H0698,2024-05-31,126.422264,127.8072441714126,1.3849801714126073
svr_rbf,fold_2,698,H0699,2022-06-25,139.432085,136.03558473898903,-3.3965002610109707
svr_rbf,fold_3,699,H0700,2024-07-21,196.190354,156.18704450530956,-40.003309494690455
